City,Region,Date,Time (GMT),Highest,MHHW (ft),MHW (ft),MSL (ft),MTL (ft),MLW (ft),MLLW (ft),Lowest (ft),Inf
Honolulu,West,1/1/1923,0:00,1.89,1.552,1.06,0.482,0.45,-0.147,-0.348,-0.708,0
Honolulu,West,2/1/1923,0:00,1.89,1.391,1.011,0.371,0.371,-0.279,-0.449,-0.708,0
Honolulu,West,3/1/1923,0:00,1.992,1.46,1.171,0.512,0.512,-0.147,-0.239,-0.41,0
Honolulu,West,4/1/1923,0:00,1.69,1.332,1.021,0.4,0.391,-0.229,-0.328,-0.81,0
Honolulu,West,5/1/1923,0:00,1.992,1.391,0.971,0.381,0.371,-0.239,-0.39,-0.81,0
Honolulu,West,6/1/1923,0:00,1.992,1.47,0.981,0.381,0.371,-0.239,-0.439,-0.81,0
Honolulu,West,7/1/1923,0:00,1.992,1.523,1.06,0.492,0.473,-0.128,-0.328,-0.61,0
Honolulu,West,8/1/1923,0:00,2.09,1.65,1.24,0.65,0.63,0.03,-0.118,-0.308,0
Honolulu,West,9/1/1923,0:00,1.89,1.611,1.27,0.683,0.66,0.063,-0.069,-0.308,0
Honolulu,West,10/1/1923,0:00,1.992,1.591,1.27,0.683,0.66,0.053,-0.069,-0.308,0
Honolulu,West,11/1/1923,0:00,2.09,1.611,1.191,0.581,0.551,-0.079,-0.269,-0.708,0
Honolulu,West,12/1/1923,0:00,2.192,1.723,1.201,0.581,0.551,-0.098,-0.298,-0.708,0
Honolulu,West,1/1/1924,0:00,1.992,1.621,1.093,0.482,0.473,-0.157,-0.338,-0.61,0
Honolulu,West,2/1/1924,0:00,2.09,1.391,0.961,0.371,0.371,-0.259,-0.4,-0.61,0
Honolulu,West,3/1/1924,0:00,1.49,1.191,0.86,0.292,0.282,-0.298,-0.38,-0.61,0
Honolulu,West,4/1/1924,0:00,1.69,1.29,0.932,0.381,0.371,-0.19,-0.298,-0.61,0
Honolulu,West,5/1/1924,0:00,1.89,1.391,0.971,0.391,0.371,-0.22,-0.38,-0.708,0
Honolulu,West,6/1/1924,0:00,2.192,1.572,1.093,0.45,0.42,-0.249,-0.439,-0.61,0
Honolulu,West,7/1/1924,0:00,2.192,1.532,1.08,0.41,0.391,-0.289,-0.489,-0.61,0
Honolulu,West,8/1/1924,0:00,1.89,1.47,1.08,0.46,0.45,-0.19,-0.338,-0.61,0
Honolulu,West,9/1/1924,0:00,1.69,1.332,1.03,0.502,0.473,-0.088,-0.18,-0.308,0
Honolulu,West,10/1/1924,0:00,1.69,1.322,1.04,0.46,0.45,-0.138,-0.259,-0.708,0
Honolulu,West,11/1/1924,0:00,2.29,1.552,1.132,0.532,0.512,-0.098,-0.269,-0.508,0
Honolulu,West,12/1/1924,0:00,2.192,1.582,1.112,0.551,0.522,-0.069,-0.279,-0.81,0
Honolulu,West,1/1/1925,0:00,2.09,1.562,1.07,0.492,0.473,-0.128,-0.328,-0.708,0
Honolulu,West,2/1/1925,0:00,1.89,1.523,1.08,0.492,0.473,-0.138,-0.259,-0.508,0
Honolulu,West,3/1/1925,0:00,1.792,1.352,0.981,0.45,0.43,-0.128,-0.22,-0.41,0
Honolulu,West,4/1/1925,0:00,1.69,1.411,1.03,0.45,0.43,-0.18,-0.279,-0.508,0
Honolulu,West,5/1/1925,0:00,1.992,1.572,1.122,0.542,0.522,-0.088,-0.259,-0.508,0
Honolulu,West,6/1/1925,0:00,2.192,1.65,1.162,0.561,0.532,-0.108,-0.308,-0.61,0
Honolulu,West,7/1/1925,0:00,2.392,1.762,1.26,0.683,0.64,0.053,-0.147,-0.41,0
Honolulu,West,8/1/1925,0:00,2.592,1.841,1.401,0.771,0.752,0.092,-0.049,-0.21,0
Honolulu,West,9/1/1925,0:00,2.29,1.67,1.313,0.66,0.66,0.01,-0.088,-0.308,0
Honolulu,West,10/1/1925,0:00,2.09,1.742,1.411,0.801,0.781,0.151,-0.01,-0.308,0
Honolulu,West,11/1/1925,0:00,2.09,1.65,1.211,0.64,0.63,0.04,-0.147,-0.508,0
Honolulu,West,12/1/1925,0:00,2.29,1.752,1.221,0.63,0.591,-0.039,-0.229,-0.61,0
Honolulu,West,1/1/1926,0:00,1.89,1.562,1.07,0.482,0.46,-0.147,-0.357,-0.708,0
Honolulu,West,2/1/1926,0:00,2.192,1.591,1.112,0.482,0.473,-0.17,-0.318,-0.61,0
Honolulu,West,3/1/1926,0:00,1.89,1.44,1.103,0.502,0.492,-0.118,-0.22,-0.508,0
Honolulu,West,4/1/1926,0:00,1.792,1.542,1.171,0.551,0.551,-0.069,-0.2,-0.508,0
Honolulu,West,5/1/1926,0:00,2.09,1.7,1.201,0.581,0.561,-0.079,-0.239,-0.41,0
Honolulu,West,6/1/1926,0:00,2.29,1.801,1.27,0.66,0.63,-0.01,-0.21,-0.308,0
Honolulu,West,7/1/1926,0:00,2.192,1.572,1.112,0.581,0.551,-0.019,-0.239,-0.41,0
Honolulu,West,8/1/1926,0:00,2.192,1.572,1.152,0.61,0.591,0.03,-0.147,-0.41,0
Honolulu,West,9/1/1926,0:00,2.192,1.641,1.28,0.673,0.66,0.04,-0.049,-0.308,0
Honolulu,West,10/1/1926,0:00,1.792,1.45,1.112,0.522,0.522,-0.069,-0.308,-0.508,0
Honolulu,West,11/1/1926,0:00,1.992,1.44,1.021,0.42,0.4,-0.22,-0.498,-0.708,0
Honolulu,West,12/1/1926,0:00,NaN,1.582,1.07,0.561,0.522,-0.029,-0.239,-0.41,0
Honolulu,West,1/1/1927,0:00,1.992,1.5,0.932,0.341,0.312,-0.318,-0.508,-0.909,0
Honolulu,West,2/1/1927,0:00,1.89,1.372,0.87,0.312,0.282,-0.308,-0.459,-0.81,0
Honolulu,West,3/1/1927,0:00,1.69,1.29,0.883,0.282,0.25,-0.39,-0.469,-0.81,0
Honolulu,West,4/1/1927,0:00,1.591,1.27,0.883,0.292,0.263,-0.357,-0.489,-0.81,0
Honolulu,West,5/1/1927,0:00,1.89,1.372,0.85,0.263,0.23,-0.38,-0.558,-0.909,0
Honolulu,West,6/1/1927,0:00,2.09,1.47,0.893,0.302,0.263,-0.367,-0.577,-0.708,0
Honolulu,West,7/1/1927,0:00,2.09,1.69,1.152,0.542,0.502,-0.147,-0.348,-0.508,0
Honolulu,West,8/1/1927,0:00,2.29,1.782,1.342,0.732,0.702,0.072,-0.098,-0.308,0
Honolulu,West,9/1/1927,0:00,2.29,1.762,1.381,0.771,0.752,0.112,0.01,-0.21,0
Honolulu,West,10/1/1927,0:00,1.792,1.49,1.112,0.522,0.492,-0.118,-0.229,-0.508,0
Honolulu,West,11/1/1927,0:00,2.192,1.65,1.162,0.591,0.551,-0.049,-0.22,-0.61,0
Honolulu,West,12/1/1927,0:00,2.392,1.68,1.132,0.532,0.502,-0.128,-0.328,-0.61,0
Honolulu,West,1/1/1928,0:00,2.29,1.562,0.991,0.41,0.381,-0.229,-0.449,-0.708,0
Honolulu,West,2/1/1928,0:00,2.09,1.601,1.093,0.482,0.45,-0.19,-0.357,-0.61,0
Honolulu,West,3/1/1928,0:00,2.09,1.65,1.231,0.591,0.571,-0.098,-0.2,-0.508,0
Honolulu,West,4/1/1928,0:00,1.992,1.591,1.171,0.62,0.591,0.02,-0.098,-0.41,0
Honolulu,West,5/1/1928,0:00,2.09,1.5,1.05,0.502,0.473,-0.098,-0.269,-0.61,0
Honolulu,West,6/1/1928,0:00,2.09,1.44,0.883,0.302,0.25,-0.367,-0.62,-0.909,0
Honolulu,West,7/1/1928,0:00,2.09,1.44,0.87,0.23,0.19,-0.479,-0.708,-1.109,0
Honolulu,West,8/1/1928,0:00,1.89,1.391,0.942,0.302,0.282,-0.38,-0.508,-0.81,0
Honolulu,West,9/1/1928,0:00,1.69,1.44,1.093,0.43,0.41,-0.259,-0.318,-0.508,0
Honolulu,West,10/1/1928,0:00,2.09,1.372,0.961,0.332,0.312,-0.328,-0.479,-0.708,0
Honolulu,West,11/1/1928,0:00,1.992,1.411,0.883,0.282,0.25,-0.367,-0.538,-0.909,0
Honolulu,West,12/1/1928,0:00,1.992,1.342,0.761,0.21,0.171,-0.43,-0.64,-1.01,0
Honolulu,West,1/1/1929,0:00,2.192,1.591,1.011,0.43,0.4,-0.21,-0.43,-0.81,0
Honolulu,West,2/1/1929,0:00,1.792,1.45,0.991,0.361,0.332,-0.328,-0.479,-0.708,0
Honolulu,West,3/1/1929,0:00,1.591,1.201,0.752,0.19,0.151,-0.449,-0.558,-0.81,0
Honolulu,West,4/1/1929,0:00,1.391,1.171,0.742,0.131,0.131,-0.489,-0.6,-0.81,0
Honolulu,West,5/1/1929,0:00,1.89,1.362,0.82,0.25,0.23,-0.357,-0.538,-0.909,0
Honolulu,West,6/1/1929,0:00,2.192,1.523,0.971,0.381,0.341,-0.289,-0.508,-0.909,0
Honolulu,West,7/1/1929,0:00,2.392,1.68,1.142,0.522,0.482,-0.18,-0.38,-0.708,0
Honolulu,West,8/1/1929,0:00,2.29,1.723,1.162,0.571,0.512,-0.128,-0.279,-0.708,0
Honolulu,West,9/1/1929,0:00,2.192,1.601,1.162,0.581,0.551,-0.059,-0.147,-0.308,0
Honolulu,West,10/1/1929,0:00,2.09,1.641,1.27,0.64,0.63,0,-0.138,-0.308,0
Honolulu,West,11/1/1929,0:00,2.09,1.601,1.171,0.61,0.581,-0.01,-0.18,-0.61,0
Honolulu,West,12/1/1929,0:00,2.392,1.762,1.142,0.601,0.551,-0.039,-0.249,-0.61,0
Honolulu,West,1/1/1930,0:00,2.392,1.792,1.162,0.551,0.512,-0.147,-0.367,-0.81,0
Honolulu,West,2/1/1930,0:00,2.29,1.562,1.03,0.41,0.391,-0.259,-0.42,-0.81,0
Honolulu,West,3/1/1930,0:00,1.992,1.401,0.981,0.361,0.332,-0.308,-0.41,-0.61,0
Honolulu,West,4/1/1930,0:00,1.591,1.29,0.83,0.22,0.19,-0.449,-0.6,-0.81,0
Honolulu,West,5/1/1930,0:00,2.09,1.601,1.001,0.391,0.351,-0.308,-0.479,-0.708,0
Honolulu,West,6/1/1930,0:00,2.392,1.752,1.122,0.532,0.492,-0.138,-0.357,-0.61,0
Honolulu,West,7/1/1930,0:00,2.392,1.851,1.29,0.732,0.692,0.092,-0.138,-0.41,0
Honolulu,West,8/1/1930,0:00,1.992,1.67,1.191,0.673,0.63,0.072,-0.118,-0.41,0
Honolulu,West,9/1/1930,0:00,2.49,1.942,1.49,0.893,0.87,0.25,0.141,-0.108,0
Honolulu,West,10/1/1930,0:00,2.09,1.801,1.352,0.732,0.712,0.082,-0.069,-0.41,0
Honolulu,West,11/1/1930,0:00,2.192,1.772,1.27,0.66,0.63,0,-0.21,-0.508,0
Honolulu,West,12/1/1930,0:00,2.192,1.631,1.021,0.473,0.43,-0.147,-0.4,-0.708,0
Honolulu,West,1/1/1931,0:00,2.192,1.801,1.181,0.581,0.542,-0.098,-0.318,-0.81,0
Honolulu,West,2/1/1931,0:00,2.392,1.601,1.07,0.46,0.43,-0.22,-0.367,-0.508,0
Honolulu,West,3/1/1931,0:00,2.09,1.71,1.231,0.601,0.571,-0.079,-0.18,-0.61,0
Honolulu,West,4/1/1931,0:00,1.89,1.611,1.152,0.542,0.512,-0.118,-0.279,-0.61,0
Honolulu,West,5/1/1931,0:00,2.09,1.742,1.171,0.571,0.532,-0.098,-0.308,-0.61,0
Honolulu,West,6/1/1931,0:00,2.29,1.742,1.112,0.522,0.473,-0.17,-0.38,-0.61,0
Honolulu,West,7/1/1931,0:00,2.392,1.821,1.221,0.571,0.542,-0.138,-0.338,-0.61,0
Honolulu,West,8/1/1931,0:00,2.192,1.621,1.152,0.571,0.532,-0.079,-0.269,-0.41,0
Honolulu,West,9/1/1931,0:00,1.992,1.601,1.181,0.601,0.571,-0.049,-0.17,-0.308,0
Honolulu,West,10/1/1931,0:00,2.29,1.87,1.391,0.781,0.752,0.102,-0.039,-0.41,0
Honolulu,West,11/1/1931,0:00,2.69,1.992,1.421,0.732,0.692,-0.049,-0.229,-0.508,0
Honolulu,West,12/1/1931,0:00,2.592,1.811,1.211,0.591,0.551,-0.098,-0.328,-0.61,0
Honolulu,West,1/1/1932,0:00,2.192,1.542,0.932,0.371,0.332,-0.269,-0.489,-0.81,0
Honolulu,West,2/1/1932,0:00,1.992,1.431,0.893,0.341,0.292,-0.298,-0.469,-0.708,0
Honolulu,West,3/1/1932,0:00,1.89,1.591,1.112,0.522,0.502,-0.108,-0.22,-0.508,0
Honolulu,West,4/1/1932,0:00,2.09,1.5,1.021,0.41,0.391,-0.229,-0.39,-0.81,0
Honolulu,West,5/1/1932,0:00,2.192,1.591,1.04,0.45,0.42,-0.2,-0.4,-0.81,0
Honolulu,West,6/1/1932,0:00,2.29,1.68,1.06,0.512,0.473,-0.118,-0.318,-0.508,0
Honolulu,West,7/1/1932,0:00,2.29,1.742,1.142,0.512,0.492,-0.157,-0.357,-0.61,0
Honolulu,West,8/1/1932,0:00,2.192,1.762,1.25,0.692,0.64,0.03,-0.118,-0.508,0
Honolulu,West,9/1/1932,0:00,2.09,1.762,1.372,0.781,0.752,0.122,-0.01,-0.308,0
Honolulu,West,10/1/1932,0:00,2.592,1.952,1.45,0.781,0.771,0.082,-0.098,-0.41,0
Honolulu,West,11/1/1932,0:00,2.592,2.09,1.513,0.84,0.811,0.112,-0.069,-0.41,0
Honolulu,West,12/1/1932,0:00,2.49,1.992,1.352,0.722,0.692,0.03,-0.2,-0.508,0
Honolulu,West,1/1/1933,0:00,2.09,1.7,1.122,0.473,0.45,-0.229,-0.469,-0.909,0
Honolulu,West,2/1/1933,0:00,1.89,1.562,1.03,0.43,0.4,-0.229,-0.367,-0.708,0
Honolulu,West,3/1/1933,0:00,1.69,1.46,0.991,0.43,0.391,-0.21,-0.298,-0.61,0
Honolulu,West,4/1/1933,0:00,2.192,1.71,1.181,0.571,0.542,-0.098,-0.249,-0.508,0
Honolulu,West,5/1/1933,0:00,2.29,1.69,1.152,0.551,0.532,-0.079,-0.249,-0.61,0
Honolulu,West,6/1/1933,0:00,2.29,1.641,1.08,0.492,0.473,-0.147,-0.38,-0.708,0
Honolulu,West,7/1/1933,0:00,2.29,1.68,1.122,0.502,0.473,-0.18,-0.42,-0.61,0
Honolulu,West,8/1/1933,0:00,2.192,1.621,1.132,0.492,0.473,-0.18,-0.348,-0.708,0
Honolulu,West,9/1/1933,0:00,1.992,1.66,1.221,0.591,0.571,-0.079,-0.2,-0.41,0
Honolulu,West,10/1/1933,0:00,2.192,1.742,1.313,0.66,0.63,-0.039,-0.21,-0.508,0
Honolulu,West,11/1/1933,0:00,2.09,1.7,1.162,0.61,0.571,-0.019,-0.239,-0.61,0
Honolulu,West,12/1/1933,0:00,2.392,1.742,1.132,0.601,0.551,-0.019,-0.239,-0.61,0
Honolulu,West,1/1/1934,0:00,2.49,1.792,1.142,0.551,0.522,-0.098,-0.308,-0.61,0
Honolulu,West,2/1/1934,0:00,1.992,1.45,0.952,0.391,0.361,-0.229,-0.38,-0.61,0
Honolulu,West,3/1/1934,0:00,1.591,1.421,1.011,0.44,0.41,-0.18,-0.308,-0.508,0
Honolulu,West,4/1/1934,0:00,1.992,1.47,0.971,0.41,0.371,-0.229,-0.4,-0.81,0
Honolulu,West,5/1/1934,0:00,2.09,1.5,0.893,0.312,0.273,-0.357,-0.558,-0.81,0
Honolulu,West,6/1/1934,0:00,2.392,1.523,0.87,0.282,0.23,-0.41,-0.61,-1.01,0
Honolulu,West,7/1/1934,0:00,2.29,1.47,0.893,0.273,0.24,-0.41,-0.64,-0.909,0
Honolulu,West,8/1/1934,0:00,2.09,1.46,0.942,0.361,0.312,-0.318,-0.498,-0.81,0
Honolulu,West,9/1/1934,0:00,2.09,1.66,1.201,0.591,0.571,-0.069,-0.2,-0.508,0
Honolulu,West,10/1/1934,0:00,2.29,1.641,1.162,0.561,0.532,-0.098,-0.269,-0.508,0
Honolulu,West,11/1/1934,0:00,2.192,1.69,1.152,0.542,0.512,-0.128,-0.348,-0.61,0
Honolulu,West,12/1/1934,0:00,2.09,1.431,0.86,0.332,0.292,-0.279,-0.498,-0.81,0
Honolulu,West,1/1/1935,0:00,1.992,1.542,0.952,0.41,0.361,-0.22,-0.42,-0.81,0
Honolulu,West,2/1/1935,0:00,2.09,1.401,0.893,0.361,0.322,-0.239,-0.41,-0.708,0
Honolulu,West,3/1/1935,0:00,1.89,1.46,1.021,0.473,0.44,-0.147,-0.259,-0.508,0
Honolulu,West,4/1/1935,0:00,1.992,1.732,1.27,0.673,0.65,0.03,-0.128,-0.508,0
Honolulu,West,5/1/1935,0:00,2.29,1.801,1.25,0.61,0.581,-0.088,-0.269,-0.508,0
Honolulu,West,6/1/1935,0:00,2.29,1.631,1.05,0.492,0.46,-0.138,-0.348,-0.708,0
Honolulu,West,7/1/1935,0:00,1.992,1.562,1.021,0.473,0.44,-0.138,-0.328,-0.708,0
Honolulu,West,8/1/1935,0:00,2.192,1.742,1.313,0.742,0.722,0.131,-0.019,-0.308,0
Honolulu,West,9/1/1935,0:00,1.992,1.723,1.342,0.811,0.781,0.22,0.092,-0.108,0
Honolulu,West,10/1/1935,0:00,2.192,1.9,1.431,0.85,0.82,0.22,0.072,-0.21,0
Honolulu,West,11/1/1935,0:00,2.29,1.792,1.26,0.712,0.66,0.072,-0.128,-0.61,0
Honolulu,West,12/1/1935,0:00,2.29,1.67,1.142,0.601,0.561,-0.01,-0.22,-0.508,0
Honolulu,West,1/1/1936,0:00,2.09,1.723,1.152,0.591,0.571,-0.01,-0.22,-0.508,0
Honolulu,West,2/1/1936,0:00,2.29,1.69,1.221,0.65,0.64,0.053,-0.138,-0.41,0
Honolulu,West,3/1/1936,0:00,1.792,1.45,1.011,0.42,0.4,-0.22,-0.338,-0.708,0
Honolulu,West,4/1/1936,0:00,2.29,1.732,1.26,0.601,0.591,-0.079,-0.22,-0.61,0
Honolulu,West,5/1/1936,0:00,2.192,1.7,1.191,0.571,0.542,-0.098,-0.289,-0.708,0
Honolulu,West,6/1/1936,0:00,2.09,1.66,1.103,0.492,0.46,-0.17,-0.367,-0.81,0
Honolulu,West,7/1/1936,0:00,2.09,1.68,1.152,0.551,0.522,-0.108,-0.318,-0.61,0
Honolulu,West,8/1/1936,0:00,2.09,1.831,1.391,0.752,0.742,0.082,-0.098,-0.308,0
Honolulu,West,9/1/1936,0:00,1.792,1.67,1.322,0.732,0.722,0.131,0.01,-0.41,0
Honolulu,West,10/1/1936,0:00,2.29,1.68,1.26,0.66,0.65,0.04,-0.138,-0.508,0
Honolulu,West,11/1/1936,0:00,2.192,1.811,1.29,0.732,0.712,0.131,-0.059,-0.708,0
Honolulu,West,12/1/1936,0:00,2.592,1.772,1.201,0.66,0.62,0.053,-0.138,-0.508,0
Honolulu,West,1/1/1937,0:00,2.09,1.641,1.142,0.591,0.532,-0.079,-0.21,-0.41,0
Honolulu,West,2/1/1937,0:00,1.89,1.45,1.04,0.45,0.45,-0.147,-0.298,-0.61,0
Honolulu,West,3/1/1937,0:00,1.391,1.211,0.82,0.263,0.25,-0.318,-0.439,-0.708,0
Honolulu,West,4/1/1937,0:00,2.09,1.562,1.112,0.512,0.492,-0.128,-0.239,-0.61,0
Honolulu,West,5/1/1937,0:00,2.09,1.46,0.952,0.41,0.381,-0.19,-0.367,-0.708,0
Honolulu,West,6/1/1937,0:00,1.992,1.411,0.922,0.351,0.332,-0.259,-0.498,-0.81,0
Honolulu,West,7/1/1937,0:00,1.992,1.5,1.03,0.43,0.41,-0.21,-0.439,-0.909,0
Honolulu,West,8/1/1937,0:00,2.09,1.67,1.26,0.571,0.571,-0.128,-0.308,-0.61,0
Honolulu,West,9/1/1937,0:00,1.992,1.7,1.342,0.66,0.66,-0.019,-0.128,-0.41,0
Honolulu,West,10/1/1937,0:00,2.49,1.831,1.49,0.83,0.83,0.161,0.01,-0.41,0
Honolulu,West,11/1/1937,0:00,2.29,1.68,1.201,0.601,0.581,-0.039,-0.239,-0.508,0
Honolulu,West,12/1/1937,0:00,2.09,1.552,1.07,0.492,0.473,-0.128,-0.357,-0.81,0
Honolulu,West,1/1/1938,0:00,2.09,1.591,1.07,0.42,0.41,-0.259,-0.449,-0.81,0
Honolulu,West,2/1/1938,0:00,2.09,1.572,1.171,0.512,0.522,-0.128,-0.298,-0.61,0
Honolulu,West,3/1/1938,0:00,1.69,1.421,1.112,0.473,0.473,-0.17,-0.279,-0.61,0
Honolulu,West,4/1/1938,0:00,2.09,1.523,1.112,0.482,0.473,-0.18,-0.318,-0.61,0
Honolulu,West,5/1/1938,0:00,2.192,1.69,1.162,0.502,0.482,-0.2,-0.367,-0.81,0
Honolulu,West,6/1/1938,0:00,2.392,1.7,1.191,0.522,0.502,-0.19,-0.38,-0.708,0
Honolulu,West,7/1/1938,0:00,2.392,1.641,1.181,0.542,0.522,-0.138,-0.338,-0.61,0
Honolulu,West,8/1/1938,0:00,2.192,1.621,1.221,0.591,0.571,-0.069,-0.239,-0.508,0
Honolulu,West,9/1/1938,0:00,2.09,1.831,1.49,0.84,0.83,0.161,0.04,-0.21,0
Honolulu,West,10/1/1938,0:00,1.992,1.7,1.332,0.742,0.732,0.122,0,-0.308,0
Honolulu,West,11/1/1938,0:00,2.192,1.591,1.162,0.542,0.532,-0.098,-0.298,-0.708,0
Honolulu,West,12/1/1938,0:00,2.09,1.46,0.981,0.332,0.332,-0.328,-0.567,-0.909,0
Honolulu,West,1/1/1939,0:00,2.09,1.44,0.942,0.292,0.282,-0.38,-0.6,-1.01,0
Honolulu,West,2/1/1939,0:00,2.09,1.44,1.05,0.391,0.381,-0.279,-0.449,-0.708,0
Honolulu,West,3/1/1939,0:00,1.792,1.562,1.221,0.551,0.551,-0.118,-0.229,-0.61,0
Honolulu,West,4/1/1939,0:00,2.09,1.65,1.303,0.61,0.601,-0.088,-0.21,-0.508,0
Honolulu,West,5/1/1939,0:00,2.192,1.71,1.27,0.591,0.581,-0.118,-0.318,-0.508,0
Honolulu,West,6/1/1939,0:00,1.992,1.591,1.093,0.44,0.46,-0.18,-0.39,-0.708,0
Honolulu,West,7/1/1939,0:00,2.49,1.742,1.27,0.683,0.64,0.02,-0.18,-0.41,0
Honolulu,West,8/1/1939,0:00,2.192,1.641,1.26,0.673,0.66,0.063,-0.069,-0.308,0
Honolulu,West,9/1/1939,0:00,1.89,1.46,1.152,0.561,0.542,-0.059,-0.17,-0.41,0
Honolulu,West,10/1/1939,0:00,1.69,1.401,1.05,0.482,0.46,-0.138,-0.259,-0.508,0
Honolulu,West,11/1/1939,0:00,2.192,1.69,1.24,0.61,0.571,-0.098,-0.249,-0.61,0
Honolulu,West,12/1/1939,0:00,2.29,1.69,1.201,0.63,0.601,-0.01,-0.2,-0.508,0
Honolulu,West,1/1/1940,0:00,2.592,1.952,1.46,0.83,0.801,0.151,-0.059,-0.308,0
Honolulu,West,2/1/1940,0:00,2.192,1.801,1.421,0.752,0.732,0.04,-0.118,-0.41,0
Honolulu,West,3/1/1940,0:00,1.89,1.67,1.342,0.732,0.742,0.141,0.053,-0.308,0
Honolulu,West,4/1/1940,0:00,1.792,1.45,1.08,0.512,0.482,-0.108,-0.229,-0.708,0
Honolulu,West,5/1/1940,0:00,1.992,1.5,1.08,0.512,0.482,-0.108,-0.279,-0.61,0
Honolulu,West,6/1/1940,0:00,2.192,1.772,1.322,0.712,0.692,0.063,-0.157,-0.41,0
Honolulu,West,7/1/1940,0:00,2.49,2.061,1.611,0.971,0.961,0.312,0.112,-0.21,0
Honolulu,West,8/1/1940,0:00,2.392,2.021,1.621,0.991,0.981,0.332,0.151,-0.21,0
Honolulu,West,9/1/1940,0:00,2.29,1.811,1.532,0.883,0.902,0.273,0.181,-0.108,0
Honolulu,West,10/1/1940,0:00,2.592,1.933,1.591,0.961,0.952,0.312,0.19,-0.21,0
Honolulu,West,11/1/1940,0:00,2.592,1.972,1.532,0.912,0.893,0.25,0.102,-0.21,0
Honolulu,West,12/1/1940,0:00,2.192,1.841,1.352,0.761,0.742,0.131,-0.049,-0.41,0
Honolulu,West,1/1/1941,0:00,2.29,1.772,1.313,0.692,0.683,0.063,-0.108,-0.41,0
Honolulu,West,2/1/1941,0:00,1.992,1.69,1.332,0.683,0.683,0.04,-0.128,-0.508,0
Honolulu,West,3/1/1941,0:00,1.89,1.562,1.27,0.65,0.64,0,-0.098,-0.41,0
Honolulu,West,4/1/1941,0:00,1.992,1.572,1.191,0.62,0.591,-0.01,-0.128,-0.508,0
Honolulu,West,5/1/1941,0:00,2.29,1.811,1.352,0.752,0.732,0.112,-0.049,-0.508,0
Honolulu,West,6/1/1941,0:00,2.392,1.732,1.28,0.722,0.702,0.112,-0.098,-0.41,0
Honolulu,West,7/1/1941,0:00,1.992,1.542,1.122,0.522,0.512,-0.098,-0.318,-0.61,0
Honolulu,West,8/1/1941,0:00,1.992,1.732,1.352,0.781,0.761,0.161,-0.029,-0.41,0
Honolulu,West,9/1/1941,0:00,1.89,1.68,1.362,0.811,0.781,0.21,0.112,-0.108,0
Honolulu,West,10/1/1941,0:00,2.192,1.552,1.24,0.673,0.66,0.082,-0.039,-0.308,0
Honolulu,West,11/1/1941,0:00,2.592,1.772,1.372,0.791,0.771,0.171,0.02,-0.21,0
Honolulu,West,12/1/1941,0:00,2.392,1.772,1.28,0.722,0.702,0.112,-0.088,-0.41,0
Honolulu,West,1/1/1942,0:00,2.392,1.851,1.352,0.791,0.752,0.151,-0.059,-0.308,0
Honolulu,West,2/1/1942,0:00,2.29,1.811,1.391,0.83,0.811,0.24,0.102,-0.108,0
Honolulu,West,3/1/1942,0:00,1.792,1.48,1.171,0.601,0.581,-0.01,-0.098,-0.41,0
Honolulu,West,4/1/1942,0:00,1.89,1.431,1.07,0.502,0.482,-0.108,-0.239,-0.708,0
Honolulu,West,5/1/1942,0:00,2.09,1.46,0.971,0.4,0.371,-0.229,-0.42,-0.708,0
Honolulu,West,6/1/1942,0:00,2.09,1.47,0.971,0.42,0.371,-0.229,-0.43,-0.708,0
Honolulu,West,7/1/1942,0:00,2.29,1.601,1.122,0.542,0.512,-0.108,-0.308,-0.61,0
Honolulu,West,8/1/1942,0:00,NaN,1.65,1.26,0.673,0.65,0.04,-0.098,NaN,11
Honolulu,West,9/1/1942,0:00,2.09,1.723,1.391,0.791,0.781,0.171,0.082,-0.108,0
Honolulu,West,10/1/1942,0:00,2.29,1.923,1.572,1.021,0.991,0.42,0.312,0.092,0
Honolulu,West,11/1/1942,0:00,2.29,1.89,1.49,0.87,0.86,0.23,0.063,-0.21,0
Honolulu,West,12/1/1942,0:00,2.592,1.88,1.411,0.85,0.82,0.23,0.01,-0.21,0
Honolulu,West,1/1/1943,0:00,2.592,1.801,1.28,0.712,0.692,0.102,-0.118,-0.41,0
Honolulu,West,2/1/1943,0:00,2.192,1.732,1.313,0.65,0.65,-0.01,-0.17,-0.508,0
Honolulu,West,3/1/1943,0:00,2.49,2.061,1.71,1.05,1.04,0.371,0.282,-0.108,0
Honolulu,West,4/1/1943,0:00,2.192,1.811,1.45,0.781,0.771,0.092,-0.039,-0.308,0
Honolulu,West,5/1/1943,0:00,2.09,1.67,1.24,0.581,0.581,-0.079,-0.259,-0.41,0
Honolulu,West,6/1/1943,0:00,2.192,1.71,1.201,0.571,0.551,-0.088,-0.279,-0.61,0
Honolulu,West,7/1/1943,0:00,2.392,1.87,1.391,0.752,0.712,0.04,-0.19,-0.61,0
Honolulu,West,8/1/1943,0:00,2.792,2.182,1.782,1.122,1.103,0.42,0.25,-0.01,0
Honolulu,West,9/1/1943,0:00,2.592,2.192,1.86,1.162,1.152,0.44,0.332,-0.01,0
Honolulu,West,10/1/1943,0:00,2.392,2.133,1.762,1.08,1.07,0.391,0.282,-0.01,0
Honolulu,West,11/1/1943,0:00,2.792,2.211,1.732,0.981,0.991,0.25,0.082,-0.108,0
Honolulu,West,12/1/1943,0:00,2.592,2.1,1.572,0.902,0.893,0.2,0,-0.41,0
Honolulu,West,1/1/1944,0:00,2.592,1.91,1.421,0.771,0.771,0.112,-0.069,-0.308,0
Honolulu,West,2/1/1944,0:00,2.49,1.952,1.542,0.87,0.87,0.2,0.072,-0.108,0
Honolulu,West,3/1/1944,0:00,2.192,1.88,1.48,0.87,0.85,0.23,0.131,-0.108,0
Honolulu,West,4/1/1944,0:00,1.792,1.562,1.162,0.601,0.571,-0.019,-0.128,-0.508,0
Honolulu,West,5/1/1944,0:00,1.992,1.523,1.07,0.492,0.473,-0.128,-0.308,-0.508,0
Honolulu,West,6/1/1944,0:00,2.29,1.772,1.27,0.66,0.65,0.03,-0.18,-0.508,0
Honolulu,West,7/1/1944,0:00,2.29,1.91,1.44,0.811,0.791,0.151,-0.059,-0.41,0
Honolulu,West,8/1/1944,0:00,2.49,1.88,1.421,0.761,0.752,0.082,-0.088,-0.308,0
Honolulu,West,9/1/1944,0:00,2.49,1.851,1.47,0.761,0.771,0.072,-0.01,-0.21,0
Honolulu,West,10/1/1944,0:00,2.192,1.841,1.49,0.801,0.791,0.092,-0.029,-0.308,0
Honolulu,West,11/1/1944,0:00,2.29,1.821,1.362,0.702,0.673,-0.01,-0.22,-0.708,0
Honolulu,West,12/1/1944,0:00,2.29,1.782,1.231,0.62,0.591,-0.059,-0.269,-0.508,0
Honolulu,West,1/1/1945,0:00,2.29,1.851,1.303,0.712,0.673,0.053,-0.138,-0.41,0
Honolulu,West,2/1/1945,0:00,2.29,1.742,1.27,0.702,0.673,0.072,-0.069,-0.508,0
Honolulu,West,3/1/1945,0:00,1.89,1.45,1.093,0.512,0.492,-0.098,-0.2,-0.41,0
Honolulu,West,4/1/1945,0:00,1.89,1.572,1.152,0.542,0.532,-0.088,-0.21,-0.508,0
Honolulu,West,5/1/1945,0:00,2.09,1.66,1.122,0.542,0.512,-0.098,-0.259,-0.508,0
Honolulu,West,6/1/1945,0:00,2.09,1.621,1.05,0.473,0.43,-0.19,-0.4,-0.708,0
Honolulu,West,7/1/1945,0:00,2.192,1.7,1.191,0.522,0.532,-0.138,-0.38,-0.61,0
Honolulu,West,8/1/1945,0:00,2.09,1.601,1.132,0.492,0.473,-0.2,-0.38,-0.61,0
Honolulu,West,9/1/1945,0:00,1.992,1.71,1.313,0.66,0.65,0,-0.118,-0.508,0
Honolulu,West,10/1/1945,0:00,2.29,1.782,1.391,0.742,0.722,0.053,-0.069,-0.41,0
Honolulu,West,11/1/1945,0:00,2.49,1.811,1.362,0.752,0.732,0.102,-0.069,-0.41,0
Honolulu,West,12/1/1945,0:00,2.592,1.933,1.381,0.761,0.732,0.092,-0.128,-0.61,0
Honolulu,West,1/1/1946,0:00,2.392,1.86,1.26,0.65,0.61,-0.039,-0.259,-0.61,0
Honolulu,West,2/1/1946,0:00,2.192,1.762,1.26,0.692,0.673,0.072,-0.079,-0.308,0
Honolulu,West,3/1/1946,0:00,1.992,1.641,1.231,0.591,0.591,-0.059,-0.157,-0.41,0
Honolulu,West,4/1/1946,0:00,2.29,1.631,1.231,0.581,0.571,-0.088,-0.22,-0.61,0
Honolulu,West,5/1/1946,0:00,2.392,1.67,1.112,0.482,0.45,-0.22,-0.4,-0.81,0
Honolulu,West,6/1/1946,0:00,2.392,1.821,1.231,0.61,0.571,-0.088,-0.279,-0.508,0
Honolulu,West,7/1/1946,0:00,2.392,1.801,1.27,0.66,0.63,-0.019,-0.229,-0.508,0
Honolulu,West,8/1/1946,0:00,2.392,1.831,1.421,0.761,0.761,0.102,-0.098,-0.41,0
Honolulu,West,9/1/1946,0:00,2.29,1.88,1.48,0.83,0.811,0.151,0.04,-0.108,0
Honolulu,West,10/1/1946,0:00,2.192,1.782,1.332,0.732,0.712,0.082,-0.039,-0.308,0
Honolulu,West,11/1/1946,0:00,2.392,1.821,1.332,0.702,0.673,0.02,-0.147,-0.508,0
Honolulu,West,12/1/1946,0:00,2.69,1.9,1.362,0.791,0.752,0.131,-0.079,-0.41,0
Honolulu,West,1/1/1947,0:00,2.392,1.68,1.112,0.561,0.522,-0.059,-0.279,-0.61,0
Honolulu,West,2/1/1947,0:00,2.192,1.513,1.011,0.46,0.42,-0.17,-0.338,-0.61,0
Honolulu,West,3/1/1947,0:00,1.89,1.582,1.093,0.502,0.46,-0.157,-0.249,-0.508,0
Honolulu,West,4/1/1947,0:00,1.69,1.421,0.981,0.4,0.371,-0.239,-0.38,-0.61,0
Honolulu,West,5/1/1947,0:00,1.89,1.48,0.991,0.43,0.4,-0.2,-0.4,-0.909,0
Honolulu,West,6/1/1947,0:00,2.392,1.7,1.112,0.591,0.561,0.01,-0.279,-0.708,0
Honolulu,West,7/1/1947,0:00,2.69,1.982,1.391,0.791,0.742,0.102,-0.118,-0.308,0
Honolulu,West,8/1/1947,0:00,2.69,2.11,1.601,0.893,0.87,0.141,-0.019,-0.308,0
Honolulu,West,9/1/1947,0:00,2.392,1.89,1.49,0.84,0.82,0.151,0.04,-0.308,0
Honolulu,West,10/1/1947,0:00,2.49,2.152,1.732,1.093,1.06,0.391,0.23,-0.21,0
Honolulu,West,11/1/1947,0:00,2.592,2.002,1.45,0.791,0.752,0.053,-0.138,-0.61,0
Honolulu,West,12/1/1947,0:00,2.49,1.851,1.24,0.66,0.62,-0.01,-0.22,-0.708,0
Honolulu,West,1/1/1948,0:00,2.49,1.87,1.27,0.673,0.63,0,-0.22,-0.61,0
Honolulu,West,2/1/1948,0:00,2.09,1.582,1.093,0.542,0.522,-0.049,-0.229,-0.41,0
Honolulu,West,3/1/1948,0:00,1.69,1.391,0.952,0.42,0.371,-0.2,-0.328,-0.61,0
Honolulu,West,4/1/1948,0:00,1.792,1.411,0.922,0.332,0.312,-0.298,-0.41,-0.708,0
Honolulu,West,5/1/1948,0:00,1.792,1.352,0.791,0.273,0.23,-0.328,-0.518,-0.708,0
Honolulu,West,6/1/1948,0:00,2.09,1.591,1.04,0.473,0.43,-0.17,-0.38,-0.61,0
Honolulu,West,7/1/1948,0:00,2.392,1.67,1.132,0.522,0.492,-0.138,-0.357,-0.708,0
Honolulu,West,8/1/1948,0:00,2.192,1.7,1.181,0.581,0.551,-0.088,-0.249,-0.61,0
Honolulu,West,9/1/1948,0:00,2.192,1.71,1.29,0.66,0.65,0.01,-0.098,-0.41,0
Honolulu,West,10/1/1948,0:00,2.09,1.86,1.44,0.791,0.771,0.102,-0.059,-0.41,0
Honolulu,West,11/1/1948,0:00,2.592,2.021,1.47,0.87,0.83,0.2,-0.01,-0.41,0
Honolulu,West,12/1/1948,0:00,2.49,1.992,1.362,0.791,0.752,0.131,-0.098,-0.41,0
Honolulu,West,1/1/1949,0:00,2.992,2.143,1.572,0.991,0.952,0.341,0.131,-0.308,0
Honolulu,West,2/1/1949,0:00,2.49,1.86,1.362,0.771,0.752,0.131,0,-0.41,0
Honolulu,West,3/1/1949,0:00,2.29,1.7,1.28,0.712,0.692,0.092,-0.019,-0.308,0
Honolulu,West,4/1/1949,0:00,2.09,1.641,1.162,0.571,0.542,-0.079,-0.22,-0.61,0
Honolulu,West,5/1/1949,0:00,2.192,1.841,1.25,0.65,0.61,-0.039,-0.21,-0.61,0
Honolulu,West,6/1/1949,0:00,2.192,1.732,1.132,0.532,0.492,-0.147,-0.338,-0.61,0
Honolulu,West,7/1/1949,0:00,2.29,1.69,1.162,0.551,0.532,-0.108,-0.328,-0.61,0
Honolulu,West,8/1/1949,0:00,2.29,1.742,1.231,0.65,0.62,0.01,-0.147,-0.41,0
Honolulu,West,9/1/1949,0:00,2.192,1.752,1.303,0.63,0.62,-0.059,-0.18,-0.41,0
Honolulu,West,10/1/1949,0:00,2.192,1.742,1.29,0.64,0.63,-0.029,-0.18,-0.61,0
Honolulu,West,11/1/1949,0:00,2.29,1.65,1.152,0.581,0.542,-0.069,-0.279,-0.61,0
Honolulu,West,12/1/1949,0:00,2.192,1.621,1.021,0.473,0.43,-0.147,-0.38,-0.61,0
Honolulu,West,1/1/1950,0:00,2.29,1.801,1.162,0.571,0.532,-0.098,-0.308,-0.61,0
Honolulu,West,2/1/1950,0:00,2.09,1.69,1.191,0.571,0.532,-0.118,-0.269,-0.61,0
Honolulu,West,3/1/1950,0:00,2.09,1.621,1.171,0.551,0.532,-0.118,-0.19,-0.41,0
Honolulu,West,4/1/1950,0:00,1.992,1.641,1.191,0.591,0.551,-0.079,-0.22,-0.61,0
Honolulu,West,5/1/1950,0:00,2.29,1.782,1.171,0.561,0.522,-0.128,-0.328,-0.61,0
Honolulu,West,6/1/1950,0:00,2.49,1.742,1.112,0.512,0.473,-0.18,-0.38,-0.61,0
Honolulu,West,7/1/1950,0:00,2.29,1.821,1.25,0.63,0.591,-0.059,-0.259,-0.41,0
Honolulu,West,8/1/1950,0:00,2.29,1.801,1.352,0.771,0.752,0.151,-0.029,-0.21,0
Honolulu,West,9/1/1950,0:00,2.29,1.86,1.421,0.82,0.801,0.181,0.063,-0.21,0
Honolulu,West,10/1/1950,0:00,2.192,1.811,1.362,0.801,0.771,0.171,-0.039,-0.308,0
Honolulu,West,11/1/1950,0:00,2.392,1.923,1.381,0.791,0.752,0.122,-0.079,-0.41,0
Honolulu,West,12/1/1950,0:00,2.69,1.982,1.401,0.83,0.791,0.19,-0.019,-0.508,0
Honolulu,West,1/1/1951,0:00,2.192,1.631,1.06,0.473,0.43,-0.19,-0.41,-0.81,0
Honolulu,West,2/1/1951,0:00,2.09,1.68,1.152,0.532,0.492,-0.17,-0.318,-0.61,0
Honolulu,West,3/1/1951,0:00,1.992,1.611,1.132,0.551,0.512,-0.118,-0.249,-0.61,0
Honolulu,West,4/1/1951,0:00,1.89,1.45,0.942,0.381,0.351,-0.249,-0.367,-0.708,0
Honolulu,West,5/1/1951,0:00,2.392,1.68,1.132,0.522,0.492,-0.138,-0.318,-0.61,0
Honolulu,West,6/1/1951,0:00,2.392,1.851,1.25,0.591,0.561,-0.128,-0.357,-0.81,0
Honolulu,West,7/1/1951,0:00,2.392,1.782,1.211,0.65,0.61,0,-0.22,-0.508,0
Honolulu,West,8/1/1951,0:00,2.49,1.952,1.47,0.86,0.83,0.19,0.03,-0.21,0
Honolulu,West,9/1/1951,0:00,2.392,1.952,1.542,0.912,0.893,0.23,0.122,-0.108,0
Honolulu,West,10/1/1951,0:00,2.392,2.07,1.611,0.952,0.942,0.273,0.102,-0.108,0
Honolulu,West,11/1/1951,0:00,2.392,1.972,1.421,0.811,0.771,0.112,-0.108,-0.508,0
Honolulu,West,12/1/1951,0:00,2.392,1.821,1.191,0.581,0.551,-0.079,-0.269,-0.81,0
Honolulu,West,1/1/1952,0:00,2.29,1.67,1.132,0.522,0.492,-0.147,-0.328,-0.61,0
Honolulu,West,2/1/1952,0:00,2.392,1.821,1.313,0.692,0.66,0.01,-0.157,-0.41,0
Honolulu,West,3/1/1952,0:00,1.992,1.742,1.28,0.702,0.673,0.063,-0.059,-0.308,0
Honolulu,West,4/1/1952,0:00,2.09,1.732,1.211,0.63,0.591,-0.019,-0.147,-0.41,0
Honolulu,West,5/1/1952,0:00,2.29,1.801,1.231,0.601,0.571,-0.088,-0.279,-0.41,0
Honolulu,West,6/1/1952,0:00,2.392,1.68,1.122,0.532,0.492,-0.128,-0.348,-0.508,0
Honolulu,West,7/1/1952,0:00,2.29,1.762,1.221,0.63,0.591,-0.029,-0.249,-0.61,0
Honolulu,West,8/1/1952,0:00,2.49,1.923,1.421,0.781,0.742,0.063,-0.138,-0.61,0
Honolulu,West,9/1/1952,0:00,2.49,1.933,1.49,0.82,0.791,0.102,-0.01,-0.21,0
Honolulu,West,10/1/1952,0:00,2.192,1.821,1.421,0.811,0.781,0.141,-0.039,-0.21,0
Honolulu,West,11/1/1952,0:00,2.49,1.982,1.45,0.83,0.791,0.141,-0.079,-0.41,0
Honolulu,West,12/1/1952,0:00,2.49,1.942,1.342,0.702,0.673,0,-0.239,-0.41,0
Honolulu,West,1/1/1953,0:00,2.192,1.71,1.132,0.542,0.502,-0.138,-0.328,-0.708,0
Honolulu,West,2/1/1953,0:00,1.992,1.601,1.132,0.551,0.522,-0.079,-0.259,-0.61,0
Honolulu,West,3/1/1953,0:00,1.792,1.381,1.001,0.45,0.42,-0.147,-0.269,-0.508,0
Honolulu,West,4/1/1953,0:00,NaN,1.542,1.03,0.44,0.41,-0.21,-0.348,NaN,11
Honolulu,West,5/1/1953,0:00,2.192,1.772,1.181,0.561,0.522,-0.138,-0.318,-0.508,0
Honolulu,West,6/1/1953,0:00,2.29,1.86,1.24,0.591,0.551,-0.128,-0.338,-0.551,0
Honolulu,West,7/1/1953,0:00,2.392,1.831,1.313,0.712,0.683,0.04,-0.17,-0.508,0
Honolulu,West,8/1/1953,0:00,2.592,2.07,1.601,0.971,0.942,0.282,0.102,-0.108,0
Honolulu,West,9/1/1953,0:00,2.192,1.89,1.44,0.791,0.771,0.102,-0.01,-0.308,0
Honolulu,West,10/1/1953,0:00,2.49,1.792,1.362,0.761,0.742,0.122,-0.01,-0.108,0
Honolulu,West,11/1/1953,0:00,2.49,1.831,1.342,0.722,0.702,0.063,-0.128,-0.508,0
Honolulu,West,12/1/1953,0:00,2.592,1.923,1.332,0.722,0.683,0.04,-0.17,-0.41,0
Honolulu,West,1/1/1954,0:00,2.392,1.851,1.231,0.673,0.63,0.02,-0.157,-0.61,0
Honolulu,West,2/1/1954,0:00,2.192,1.772,1.322,0.722,0.712,0.092,-0.079,-0.41,0
Honolulu,West,3/1/1954,0:00,2.192,1.552,1.142,0.532,0.512,-0.128,-0.229,-0.61,0
Honolulu,West,4/1/1954,0:00,2.192,1.68,1.231,0.591,0.581,-0.069,-0.229,-0.508,0
Honolulu,West,5/1/1954,0:00,2.29,1.723,1.162,0.542,0.512,-0.128,-0.328,-0.708,0
Honolulu,West,6/1/1954,0:00,2.192,1.562,0.991,0.43,0.391,-0.21,-0.4,-0.61,0
Honolulu,West,7/1/1954,0:00,2.09,1.742,1.211,0.591,0.571,-0.079,-0.269,-0.41,0
Honolulu,West,8/1/1954,0:00,2.192,1.732,1.342,0.811,0.781,0.22,0.053,-0.108,0
Honolulu,West,9/1/1954,0:00,2.29,1.87,1.5,0.912,0.893,0.273,0.151,-0.01,0
Honolulu,West,10/1/1954,0:00,2.49,1.923,1.47,0.902,0.883,0.292,0.141,-0.108,0
Honolulu,West,11/1/1954,0:00,2.49,1.942,1.44,0.84,0.811,0.181,0.01,-0.308,0
Honolulu,West,12/1/1954,0:00,2.592,1.89,1.352,0.761,0.732,0.112,-0.118,-0.41,0
Honolulu,West,1/1/1955,0:00,2.392,1.591,1.021,0.44,0.41,-0.19,-0.42,-0.708,0
Honolulu,West,2/1/1955,0:00,2.192,1.67,1.221,0.601,0.581,-0.059,-0.249,-0.508,0
Honolulu,West,3/1/1955,0:00,1.89,1.523,1.103,0.512,0.482,-0.138,-0.259,-0.81,0
Honolulu,West,4/1/1955,0:00,1.89,1.322,0.87,0.292,0.273,-0.328,-0.469,-0.708,0
Honolulu,West,5/1/1955,0:00,2.09,1.391,0.893,0.292,0.273,-0.348,-0.518,-0.909,0
Honolulu,West,6/1/1955,0:00,1.69,1.103,0.571,0.01,-0.029,-0.62,-0.84,-1.109,0
Honolulu,West,7/1/1955,0:00,1.89,1.26,0.752,0.19,0.161,-0.43,-0.62,-0.909,0
Honolulu,West,8/1/1955,0:00,1.992,1.572,1.132,0.512,0.492,-0.147,-0.318,-0.61,0
Honolulu,West,9/1/1955,0:00,1.992,1.641,1.303,0.692,0.683,0.063,-0.069,-0.21,0
Honolulu,West,10/1/1955,0:00,2.29,1.772,1.362,0.771,0.742,0.122,-0.039,-0.308,0
Honolulu,West,11/1/1955,0:00,2.29,1.811,1.29,0.702,0.673,0.063,-0.147,-0.708,0
Honolulu,West,12/1/1955,0:00,2.192,1.532,0.961,0.381,0.351,-0.269,-0.449,-0.909,0
Honolulu,West,1/1/1956,0:00,2.192,1.431,0.932,0.361,0.332,-0.269,-0.469,-0.708,0
Honolulu,West,2/1/1956,0:00,1.792,1.381,0.952,0.381,0.361,-0.229,-0.39,-0.508,0
Honolulu,West,3/1/1956,0:00,1.591,1.342,0.971,0.371,0.381,-0.22,-0.318,-0.61,0
Honolulu,West,4/1/1956,0:00,1.792,1.523,1.07,0.46,0.44,-0.19,-0.338,-0.61,0
Honolulu,West,5/1/1956,0:00,2.192,1.601,1.103,0.492,0.473,-0.157,-0.328,-0.708,0
Honolulu,West,6/1/1956,0:00,2.192,1.591,1.112,0.502,0.46,-0.18,-0.4,-0.708,0
Honolulu,West,7/1/1956,0:00,2.192,1.582,1.08,0.492,0.46,-0.157,-0.4,-0.81,0
Honolulu,West,8/1/1956,0:00,2.392,1.723,1.303,0.601,0.61,-0.079,-0.22,-0.508,0
Honolulu,West,9/1/1956,0:00,2.09,1.792,1.421,0.752,0.752,0.082,-0.039,-0.308,0
Honolulu,West,10/1/1956,0:00,2.09,1.732,1.381,0.761,0.752,0.122,-0.029,-0.308,0
Honolulu,West,11/1/1956,0:00,2.392,1.88,1.421,0.84,0.801,0.19,-0.019,-0.21,0
Honolulu,West,12/1/1956,0:00,2.49,1.933,1.391,0.781,0.761,0.122,-0.108,-0.308,0
Honolulu,West,1/1/1957,0:00,2.792,1.962,1.421,0.752,0.742,0.053,-0.147,-0.41,0
Honolulu,West,2/1/1957,0:00,2.392,1.821,1.401,0.761,0.752,0.102,-0.039,-0.308,0
Honolulu,West,3/1/1957,0:00,1.992,1.572,1.27,0.63,0.62,-0.019,-0.118,-0.41,0
Honolulu,West,4/1/1957,0:00,1.992,1.572,1.152,0.551,0.542,-0.079,-0.22,-0.41,0
Honolulu,West,5/1/1957,0:00,2.192,1.641,1.132,0.522,0.492,-0.147,-0.338,-0.708,0
Honolulu,West,6/1/1957,0:00,2.192,1.66,1.152,0.581,0.542,-0.059,-0.259,-0.41,0
Honolulu,West,7/1/1957,0:00,2.49,1.742,1.313,0.683,0.66,0.02,-0.19,-0.41,0
Honolulu,West,8/1/1957,0:00,2.29,1.772,1.381,0.801,0.781,0.181,0.02,-0.108,0
Honolulu,West,9/1/1957,0:00,2.09,1.742,1.381,0.722,0.702,0.03,-0.069,-0.308,0
Honolulu,West,10/1/1957,0:00,1.992,1.601,1.24,0.601,0.591,-0.059,-0.18,-0.508,0
Honolulu,West,11/1/1957,0:00,2.192,1.69,1.26,0.62,0.601,-0.049,-0.229,-0.508,0
Honolulu,West,12/1/1957,0:00,2.192,1.631,1.132,0.492,0.482,-0.18,-0.42,-0.708,0
Honolulu,West,1/1/1958,0:00,1.992,1.5,0.981,0.361,0.351,-0.289,-0.518,-0.909,0
Honolulu,West,2/1/1958,0:00,2.09,1.601,1.201,0.581,0.571,-0.069,-0.21,-0.909,0
Honolulu,West,3/1/1958,0:00,2.29,1.582,1.231,0.63,0.61,0,-0.108,-0.708,0
Honolulu,West,4/1/1958,0:00,1.69,1.362,1.001,0.41,0.4,-0.2,-0.348,-0.708,0
Honolulu,West,5/1/1958,0:00,2.09,1.65,1.181,0.532,0.512,-0.17,-0.367,-0.708,0
Honolulu,West,6/1/1958,0:00,2.29,1.68,1.171,0.532,0.532,-0.118,-0.328,-0.708,0
Honolulu,West,7/1/1958,0:00,2.392,1.942,1.47,0.82,0.811,0.151,-0.049,-0.21,0
Honolulu,West,8/1/1958,0:00,2.392,1.88,1.5,0.86,0.87,0.23,0.082,-0.21,0
Honolulu,West,9/1/1958,0:00,2.192,1.91,1.591,0.971,0.961,0.332,0.23,-0.01,0
Honolulu,West,10/1/1958,0:00,2.69,2.192,1.811,1.142,1.132,0.44,0.312,-0.01,0
Honolulu,West,11/1/1958,0:00,2.891,2.211,1.782,1.103,1.103,0.42,0.24,-0.108,0
Honolulu,West,12/1/1958,0:00,2.69,2.12,1.611,0.991,0.971,0.341,0.141,-0.108,0
Honolulu,West,1/1/1959,0:00,2.592,1.992,1.532,0.932,0.922,0.302,0.092,-0.308,0
Honolulu,West,2/1/1959,0:00,2.29,1.801,1.411,0.83,0.801,0.2,0.063,-0.21,0
Honolulu,West,3/1/1959,0:00,2.192,1.801,1.45,0.801,0.811,0.171,0.082,-0.21,0
Honolulu,West,4/1/1959,0:00,2.29,1.811,1.44,0.83,0.82,0.21,0.102,-0.21,0
Honolulu,West,5/1/1959,0:00,2.69,1.952,1.513,0.912,0.902,0.282,0.102,-0.21,0
Honolulu,West,6/1/1959,0:00,2.891,2.12,1.641,0.981,0.961,0.273,0.04,-0.108,0
Honolulu,West,7/1/1959,0:00,2.49,1.982,1.532,0.932,0.902,0.273,0.072,-0.21,0
Honolulu,West,8/1/1959,0:00,2.69,2.271,1.87,1.201,1.191,0.512,0.351,0.092,0
Honolulu,West,9/1/1959,0:00,NaN,2.1,1.792,1.122,1.122,0.45,0.351,NaN,0
Honolulu,West,10/1/1959,0:00,2.29,1.923,1.601,0.932,0.942,0.282,0.131,-0.308,0
Honolulu,West,11/1/1959,0:00,2.49,1.841,1.411,0.83,0.82,0.22,0.02,-0.308,0
Honolulu,West,12/1/1959,0:00,2.592,1.942,1.431,0.811,0.82,0.2,0,-0.508,0
Honolulu,West,1/1/1960,0:00,2.392,1.65,1.181,0.62,0.61,0.03,-0.147,-0.308,0
Honolulu,West,2/1/1960,0:00,1.89,1.591,1.211,0.63,0.61,0.01,-0.147,-0.308,0
Honolulu,West,3/1/1960,0:00,1.69,1.49,1.181,0.571,0.571,-0.049,-0.147,-0.508,0
Honolulu,West,4/1/1960,0:00,1.792,1.431,1.05,0.44,0.43,-0.19,-0.289,-0.61,0
Honolulu,West,5/1/1960,0:00,1.89,1.48,1.021,0.391,0.391,-0.229,-0.4,-0.81,0
Honolulu,West,6/1/1960,0:00,2.29,1.631,1.162,0.502,0.492,-0.17,-0.357,-0.61,0
Honolulu,West,7/1/1960,0:00,2.29,1.562,1.142,0.512,0.502,-0.138,-0.38,-0.508,0
Honolulu,West,8/1/1960,0:00,2.29,1.66,1.26,0.561,0.571,-0.128,-0.289,-0.508,0
Honolulu,West,9/1/1960,0:00,1.992,1.631,1.303,0.63,0.62,-0.059,-0.138,-0.41,0
Honolulu,West,10/1/1960,0:00,2.09,1.68,1.391,0.752,0.752,0.122,-0.019,-0.21,0
Honolulu,West,11/1/1960,0:00,2.29,1.762,1.362,0.732,0.732,0.102,-0.088,-0.308,0
Honolulu,West,12/1/1960,0:00,2.592,1.851,1.362,0.752,0.752,0.141,-0.059,-0.308,0
Honolulu,West,1/1/1961,0:00,2.392,1.811,1.29,0.732,0.702,0.112,-0.049,-0.308,0
Honolulu,West,2/1/1961,0:00,2.29,1.572,1.152,0.601,0.561,-0.029,-0.19,-0.41,0
Honolulu,West,3/1/1961,0:00,1.792,1.45,1.152,0.571,0.551,-0.059,-0.157,-0.41,0
Honolulu,West,4/1/1961,0:00,1.992,1.67,1.313,0.722,0.692,0.082,-0.049,-0.41,0
Honolulu,West,5/1/1961,0:00,2.09,1.591,1.122,0.551,0.532,-0.069,-0.239,-0.508,0
Honolulu,West,6/1/1961,0:00,2.69,2.11,1.582,0.922,0.893,0.21,0.02,-0.21,0
Honolulu,West,7/1/1961,0:00,2.792,2.221,1.742,1.07,1.05,0.371,0.141,-0.21,0
Honolulu,West,8/1/1961,0:00,2.891,2.192,1.811,1.103,1.093,0.361,0.19,-0.01,0
Honolulu,West,9/1/1961,0:00,2.69,2.31,1.942,1.191,1.191,0.44,0.361,0.092,0
Honolulu,West,10/1/1961,0:00,2.392,1.992,1.792,1.08,1.093,0.4,0.292,-0.01,0
Honolulu,West,11/1/1961,0:00,2.09,1.723,1.303,0.673,0.673,0.04,-0.128,-0.41,0
Honolulu,West,12/1/1961,0:00,2.29,1.66,1.171,0.571,0.561,-0.049,-0.259,-0.508,0
Honolulu,West,1/1/1962,0:00,2.792,2.152,1.641,0.961,0.961,0.282,0.072,-0.308,0
Honolulu,West,2/1/1962,0:00,2.592,2.021,1.572,0.912,0.902,0.23,0.063,-0.108,0
Honolulu,West,3/1/1962,0:00,2.392,1.851,1.46,0.771,0.771,0.092,0,-0.21,0
Honolulu,West,4/1/1962,0:00,2.09,1.69,1.332,0.66,0.65,-0.019,-0.138,-0.41,0
Honolulu,West,5/1/1962,0:00,2.192,1.851,1.381,0.732,0.712,0.03,-0.157,-0.308,0
Honolulu,West,6/1/1962,0:00,2.392,1.88,1.362,0.791,0.752,0.151,-0.069,-0.308,0
Honolulu,West,7/1/1962,0:00,2.49,2.011,1.49,0.83,0.791,0.082,-0.098,-0.308,0
Honolulu,West,8/1/1962,0:00,2.392,1.851,1.431,0.742,0.742,0.04,-0.118,-0.41,0
Honolulu,West,9/1/1962,0:00,2.392,1.811,1.47,0.801,0.801,0.122,0.02,-0.21,0
Honolulu,West,10/1/1962,0:00,2.09,1.641,1.29,0.692,0.673,0.04,-0.079,-0.308,0
Honolulu,West,11/1/1962,0:00,2.49,1.89,1.411,0.781,0.752,0.102,-0.059,-0.308,0
Honolulu,West,12/1/1962,0:00,2.69,2.051,1.513,0.86,0.83,0.161,-0.039,-0.308,0
Honolulu,West,1/1/1963,0:00,2.69,2.002,1.47,0.82,0.811,0.151,-0.059,-0.41,0
Honolulu,West,2/1/1963,0:00,2.49,1.821,1.322,0.702,0.692,0.072,-0.088,-0.41,0
Honolulu,West,3/1/1963,0:00,2.09,1.67,1.27,0.66,0.65,0.02,-0.079,-0.21,0
Honolulu,West,4/1/1963,0:00,1.992,1.532,1.142,0.571,0.551,-0.049,-0.157,-0.508,0
Honolulu,West,5/1/1963,0:00,2.592,1.841,1.372,0.712,0.712,0.04,-0.147,-0.41,0
Honolulu,West,6/1/1963,0:00,2.392,1.792,1.29,0.712,0.683,0.072,-0.138,-0.41,0
Honolulu,West,7/1/1963,0:00,2.49,1.86,1.332,0.673,0.65,-0.039,-0.249,-0.41,0
Honolulu,West,8/1/1963,0:00,2.69,2.192,1.71,0.991,0.991,0.282,0.102,-0.21,0
Honolulu,West,9/1/1963,0:00,2.592,2.162,1.772,1.011,1.03,0.282,0.171,-0.01,0
Honolulu,West,10/1/1963,0:00,2.392,1.992,1.641,0.952,0.952,0.263,0.141,-0.108,0
Honolulu,West,11/1/1963,0:00,2.792,1.972,1.513,0.86,0.85,0.2,0.02,-0.308,0
Honolulu,West,12/1/1963,0:00,2.592,1.962,1.391,0.761,0.732,0.072,-0.138,-0.508,0
Honolulu,West,1/1/1964,0:00,2.392,1.67,1.142,0.502,0.502,-0.147,-0.239,-0.61,0
Honolulu,West,2/1/1964,0:00,1.992,1.611,1.122,0.502,0.512,-0.108,-0.249,-0.508,0
Honolulu,West,3/1/1964,0:00,1.992,1.601,1.24,0.62,0.601,-0.039,-0.128,-0.308,0
Honolulu,West,4/1/1964,0:00,2.29,1.732,1.303,0.64,0.62,-0.049,-0.157,-0.308,0
Honolulu,West,5/1/1964,0:00,2.29,1.742,1.211,0.61,0.561,-0.088,-0.259,-0.508,0
Honolulu,West,6/1/1964,0:00,2.392,1.851,1.28,0.63,0.61,-0.059,-0.269,-0.708,0
Honolulu,West,7/1/1964,0:00,2.891,2.152,1.641,0.971,0.961,0.282,0.053,-0.308,0
Honolulu,West,8/1/1964,0:00,2.792,2.1,1.611,0.902,0.902,0.19,0.02,-0.21,0
Honolulu,West,9/1/1964,0:00,2.49,2.061,1.641,0.922,0.922,0.19,0.102,-0.108,0
Honolulu,West,10/1/1964,0:00,2.192,1.821,1.431,0.752,0.742,0.04,-0.108,-0.21,0
Honolulu,West,11/1/1964,0:00,2.592,1.821,1.352,0.761,0.722,0.102,-0.098,-0.41,0
Honolulu,West,12/1/1964,0:00,2.992,2.051,1.46,0.811,0.781,0.112,-0.108,-0.41,0
Honolulu,West,1/1/1965,0:00,2.69,1.923,1.322,0.692,0.65,-0.01,-0.22,-0.508,0
Honolulu,West,2/1/1965,0:00,2.192,1.621,1.132,0.532,0.512,-0.118,-0.298,-0.708,0
Honolulu,West,3/1/1965,0:00,2.09,1.601,1.211,0.63,0.61,0,-0.098,-0.308,0
Honolulu,West,4/1/1965,0:00,1.792,1.372,0.952,0.371,0.332,-0.289,-0.439,-0.81,0
Honolulu,West,5/1/1965,0:00,1.89,1.562,1.021,0.42,0.391,-0.249,-0.459,-0.81,0
Honolulu,West,6/1/1965,0:00,2.392,1.71,1.112,0.45,0.41,-0.279,-0.489,-0.81,0
Honolulu,West,7/1/1965,0:00,2.69,2.041,1.45,0.752,0.722,-0.01,-0.229,-0.508,0
Honolulu,West,8/1/1965,0:00,2.49,1.87,1.401,0.702,0.692,-0.029,-0.2,-0.308,0
Honolulu,West,9/1/1965,0:00,2.29,1.9,1.46,0.771,0.752,0.03,-0.088,-0.308,0
Honolulu,West,10/1/1965,0:00,2.392,1.952,1.513,0.893,0.87,0.22,0.102,-0.21,0
Honolulu,West,11/1/1965,0:00,2.792,2.221,1.69,1.021,0.991,0.292,0.112,-0.308,0
Honolulu,West,12/1/1965,0:00,2.69,2.061,1.49,0.83,0.781,0.072,-0.147,-0.61,0
Honolulu,West,1/1/1966,0:00,2.69,1.91,1.352,0.692,0.65,-0.049,-0.289,-0.61,0
Honolulu,West,2/1/1966,0:00,2.592,1.831,1.332,0.683,0.65,-0.019,-0.19,-0.508,0
Honolulu,West,3/1/1966,0:00,2.192,1.742,1.27,0.65,0.601,-0.069,-0.17,-0.508,0
Honolulu,West,4/1/1966,0:00,1.992,1.66,1.211,0.561,0.532,-0.138,-0.289,-0.61,0
Honolulu,West,5/1/1966,0:00,1.992,1.641,1.142,0.45,0.41,-0.308,-0.518,-0.81,0
Honolulu,West,6/1/1966,0:00,2.392,1.782,1.181,0.532,0.473,-0.229,-0.469,-0.81,0
Honolulu,West,7/1/1966,0:00,2.392,1.962,1.332,0.752,0.692,0.053,-0.17,-0.508,0
Honolulu,West,8/1/1966,0:00,2.792,2.11,1.611,0.952,0.922,0.23,0.082,-0.108,0
Honolulu,West,9/1/1966,0:00,2.392,1.91,1.5,0.87,0.83,0.171,0.053,-0.308,0
Honolulu,West,10/1/1966,0:00,2.29,1.89,1.45,0.83,0.801,0.151,0,-0.308,0
Honolulu,West,11/1/1966,0:00,2.392,1.992,1.44,0.86,0.83,0.21,0.02,-0.308,0
Honolulu,West,12/1/1966,0:00,2.392,1.933,1.313,0.712,0.673,0.02,-0.19,-0.508,0
Honolulu,West,1/1/1967,0:00,2.49,1.792,1.25,0.62,0.591,-0.069,-0.289,-0.508,0
Honolulu,West,2/1/1967,0:00,2.29,1.962,1.362,0.673,0.65,-0.049,-0.229,-0.508,0
Honolulu,West,3/1/1967,0:00,2.09,1.611,1.171,0.502,0.512,-0.147,-0.298,-0.708,0
Honolulu,West,4/1/1967,0:00,1.89,1.48,1.001,0.351,0.332,-0.338,-0.469,-0.81,0
Honolulu,West,5/1/1967,0:00,1.992,1.411,0.883,0.273,0.23,-0.41,-0.6,-0.909,0
Honolulu,West,6/1/1967,0:00,2.09,1.552,0.981,0.371,0.322,-0.338,-0.577,-0.81,0
Honolulu,West,7/1/1967,0:00,2.09,1.572,1.011,0.41,0.371,-0.269,-0.479,-0.708,0
Honolulu,West,8/1/1967,0:00,2.192,1.782,1.24,0.64,0.62,0,-0.17,-0.508,0
Honolulu,West,9/1/1967,0:00,2.392,1.87,1.411,0.811,0.771,0.141,0.04,-0.21,0
Honolulu,West,10/1/1967,0:00,2.29,1.91,1.47,0.87,0.82,0.171,0.04,-0.308,0
Honolulu,West,11/1/1967,0:00,2.592,2.08,1.523,0.87,0.83,0.151,-0.069,-0.61,0
Honolulu,West,12/1/1967,0:00,2.592,2.07,1.411,0.83,0.771,0.131,-0.098,-0.61,0
Honolulu,West,1/1/1968,0:00,2.592,2.09,1.431,0.811,0.761,0.092,-0.118,-0.308,0
Honolulu,West,2/1/1968,0:00,2.49,1.942,1.421,0.781,0.761,0.102,-0.059,-0.21,0
Honolulu,West,3/1/1968,0:00,2.09,1.67,1.25,0.571,0.542,-0.17,-0.259,-0.508,0
Honolulu,West,4/1/1968,0:00,1.792,1.421,0.912,0.332,0.302,-0.318,-0.469,-1.01,0
Honolulu,West,5/1/1968,0:00,2.29,1.572,0.971,0.391,0.341,-0.298,-0.489,-0.81,0
Honolulu,West,6/1/1968,0:00,2.392,1.752,1.142,0.571,0.522,-0.098,-0.328,-0.708,0
Honolulu,West,7/1/1968,0:00,2.69,2.08,1.49,0.85,0.83,0.171,-0.059,-0.308,0
Honolulu,West,8/1/1968,0:00,2.891,2.3,1.762,1.103,1.07,0.381,0.181,-0.01,0
Honolulu,West,9/1/1968,0:00,2.69,2.241,1.752,1.07,1.04,0.332,0.21,-0.01,0
Honolulu,West,10/1/1968,0:00,2.792,2.28,1.782,1.05,1.04,0.292,0.141,-0.308,0
Honolulu,West,11/1/1968,0:00,2.891,2.261,1.732,1.021,0.991,0.24,0.053,-0.41,0
Honolulu,West,12/1/1968,0:00,3.291,2.353,1.68,0.981,0.961,0.23,-0.019,-0.21,0
Honolulu,West,1/1/1969,0:00,3.091,2.31,1.66,1.021,0.971,0.292,0.092,-0.308,0
Honolulu,West,2/1/1969,0:00,2.49,2.021,1.5,0.83,0.801,0.092,-0.088,-0.41,0
Honolulu,West,3/1/1969,0:00,2.392,1.982,1.542,0.85,0.83,0.122,0,-0.21,0
Honolulu,West,4/1/1969,0:00,1.992,1.69,1.25,0.62,0.591,-0.069,-0.259,-0.41,0
Honolulu,West,5/1/1969,0:00,2.592,2.002,1.411,0.791,0.752,0.082,-0.118,-0.41,0
Honolulu,West,6/1/1969,0:00,2.792,2.202,1.532,0.893,0.85,0.171,-0.049,-0.308,0
Honolulu,West,7/1/1969,0:00,2.792,2.241,1.611,0.912,0.883,0.151,-0.059,-0.308,0
Honolulu,West,8/1/1969,0:00,2.49,1.933,1.44,0.771,0.761,0.082,-0.108,-0.21,0
Honolulu,West,9/1/1969,0:00,2.392,2.152,1.66,0.981,0.952,0.25,0.122,-0.01,0
Honolulu,West,10/1/1969,0:00,2.49,2.143,1.601,0.922,0.893,0.19,0.04,-0.21,0
Honolulu,West,11/1/1969,0:00,2.69,2.1,1.48,0.811,0.771,0.072,-0.118,-0.308,0
Honolulu,West,12/1/1969,0:00,2.49,1.87,1.28,0.64,0.64,0,-0.308,-0.61,0
Honolulu,West,1/1/1970,0:00,2.49,1.88,1.303,0.722,0.683,0.063,-0.19,-0.61,0
Honolulu,West,2/1/1970,0:00,2.392,1.801,1.29,0.65,0.62,-0.049,-0.21,-0.41,0
Honolulu,West,3/1/1970,0:00,2.09,1.552,1.05,0.473,0.44,-0.17,-0.279,-0.41,0
Honolulu,West,4/1/1970,0:00,1.69,1.431,0.952,0.391,0.341,-0.259,-0.43,-0.61,0
Honolulu,West,5/1/1970,0:00,2.09,1.572,1.021,0.45,0.42,-0.19,-0.39,-0.708,0
Honolulu,West,6/1/1970,0:00,2.192,1.752,1.093,0.482,0.43,-0.22,-0.449,-0.708,0
Honolulu,West,7/1/1970,0:00,2.192,1.792,1.171,0.561,0.532,-0.108,-0.328,-0.508,0
Honolulu,West,8/1/1970,0:00,2.392,1.821,1.322,0.692,0.673,0.02,-0.138,-0.41,0
Honolulu,West,9/1/1970,0:00,2.392,1.972,1.562,0.912,0.893,0.22,0.072,-0.21,0
Honolulu,West,10/1/1970,0:00,2.29,1.851,1.381,0.801,0.761,0.141,-0.039,-0.308,0
Honolulu,West,11/1/1970,0:00,2.49,2.041,1.46,0.811,0.781,0.102,-0.108,-0.308,0
Honolulu,West,12/1/1970,0:00,2.391,1.87,1.211,0.62,0.561,-0.098,-0.328,-0.709,0
Honolulu,West,1/1/1971,0:00,2.49,1.801,1.24,0.63,0.591,-0.069,-0.308,-0.61,0
Honolulu,West,2/1/1971,0:00,1.89,1.49,0.991,0.41,0.391,-0.22,-0.357,-0.508,0
Honolulu,West,3/1/1971,0:00,1.89,1.47,1.011,0.45,0.41,-0.2,-0.338,-0.708,0
Honolulu,West,4/1/1971,0:00,2.09,1.542,1.04,0.43,0.391,-0.249,-0.39,-0.61,0
Honolulu,West,5/1/1971,0:00,2.29,1.601,1.05,0.482,0.44,-0.18,-0.367,-0.61,0
Honolulu,West,6/1/1971,0:00,2.29,1.821,1.24,0.65,0.601,-0.039,-0.239,-0.41,0
Honolulu,West,7/1/1971,0:00,2.592,2.031,1.45,0.82,0.791,0.141,-0.059,-0.308,0
Honolulu,West,8/1/1971,0:00,2.49,1.972,1.46,0.83,0.791,0.131,0,-0.308,0
Honolulu,West,9/1/1971,0:00,2.392,1.821,1.362,0.702,0.692,0.01,-0.088,-0.308,0
Honolulu,West,10/1/1971,0:00,2.09,1.69,1.25,0.66,0.63,0,-0.147,-0.41,0
Honolulu,West,11/1/1971,0:00,2.49,1.87,1.29,0.702,0.66,0.03,-0.19,-0.61,0
Honolulu,West,12/1/1971,0:00,2.49,1.86,1.221,0.62,0.581,-0.059,-0.279,-0.508,0
Honolulu,West,1/1/1972,0:00,2.192,1.752,1.132,0.571,0.522,-0.088,-0.289,-0.508,0
Honolulu,West,2/1/1972,0:00,2.09,1.67,1.201,0.601,0.571,-0.069,-0.249,-0.508,0
Honolulu,West,3/1/1972,0:00,1.89,1.621,1.24,0.64,0.61,-0.01,-0.147,-0.508,0
Honolulu,West,4/1/1972,0:00,2.192,1.5,1.04,0.473,0.43,-0.17,-0.318,-0.508,0
Honolulu,West,5/1/1972,0:00,2.192,1.591,1.001,0.43,0.381,-0.239,-0.41,-0.81,0
Honolulu,West,6/1/1972,0:00,2.192,1.71,1.08,0.44,0.391,-0.289,-0.518,-0.909,0
Honolulu,West,7/1/1972,0:00,2.49,1.821,1.303,0.65,0.62,-0.059,-0.289,-0.708,0
Honolulu,West,8/1/1972,0:00,2.392,1.923,1.44,0.84,0.811,0.171,-0.029,-0.21,0
Honolulu,West,9/1/1972,0:00,2.29,1.972,1.552,0.902,0.893,0.22,0.122,-0.21,0
Honolulu,West,10/1/1972,0:00,2.192,1.831,1.411,0.781,0.771,0.122,-0.039,-0.508,0
Honolulu,West,11/1/1972,0:00,2.29,1.641,1.132,0.561,0.522,-0.088,-0.298,-0.81,0
Honolulu,West,12/1/1972,0:00,2.192,1.841,1.221,0.61,0.591,-0.039,-0.259,-0.81,11
Honolulu,West,1/1/1973,0:00,2.041,1.513,0.971,0.43,0.391,-0.19,-0.4,-0.738,0
Honolulu,West,2/1/1973,0:00,2.29,1.68,1.26,0.66,0.63,0.01,-0.147,-0.498,0
Honolulu,West,3/1/1973,0:00,2.09,1.562,1.171,0.561,0.532,-0.108,-0.22,-0.42,0
Honolulu,West,4/1/1973,0:00,2.133,1.772,1.342,0.683,0.673,0,-0.157,-0.42,0
Honolulu,West,5/1/1973,0:00,2.431,1.851,1.29,0.673,0.64,-0.01,-0.229,-0.62,0
Honolulu,West,6/1/1973,0:00,2.402,1.723,1.211,0.591,0.571,-0.108,-0.328,-0.649,0
Honolulu,West,7/1/1973,0:00,2.431,1.933,1.381,0.791,0.752,0.122,-0.059,-0.518,0
Honolulu,West,8/1/1973,0:00,NaN,1.992,1.48,0.87,0.87,0.263,0.102,NaN,11
Honolulu,West,9/1/1973,0:00,NaN,1.89,1.45,0.912,0.883,0.312,0.19,NaN,11
Honolulu,West,10/1/1973,0:00,NaN,1.9,1.45,0.893,0.86,0.282,0.131,NaN,11
Honolulu,West,11/1/1973,0:00,NaN,2.051,1.49,0.932,0.893,0.282,0.082,NaN,11
Honolulu,West,12/1/1973,0:00,2.792,2.002,1.44,0.883,0.82,0.2,-0.01,-0.308,0
Honolulu,West,1/1/1974,0:00,3.091,2.09,1.601,1.03,1.001,0.41,0.171,-0.108,0
Honolulu,West,2/1/1974,0:00,2.49,1.89,1.47,0.883,0.86,0.25,0.092,-0.21,0
Honolulu,West,3/1/1974,0:00,NaN,1.752,1.332,0.771,0.752,0.171,0.03,NaN,11
Honolulu,West,4/1/1974,0:00,2.091,1.67,1.26,0.702,0.673,0.082,-0.069,-0.309,0
Honolulu,West,5/1/1974,0:00,2.192,1.762,1.303,0.83,0.761,0.23,0.02,-0.308,0
Honolulu,West,6/1/1974,0:00,2.592,1.89,1.332,0.771,0.722,0.122,-0.108,-0.308,0
Honolulu,West,7/1/1974,0:00,2.49,1.91,1.411,0.811,0.801,0.2,-0.019,-0.41,0
Honolulu,West,8/1/1974,0:00,2.891,2.32,1.91,1.25,1.231,0.551,0.371,0.092,0
Honolulu,West,9/1/1974,0:00,2.49,2.162,1.821,1.142,1.132,0.43,0.302,0.092,0
Honolulu,West,10/1/1974,0:00,2.49,2.051,1.641,1.011,0.981,0.312,0.171,-0.108,0
Honolulu,West,11/1/1974,0:00,2.592,2.133,1.611,0.971,0.922,0.24,0.053,-0.21,0
Honolulu,West,12/1/1974,0:00,2.49,2.061,1.44,0.801,0.742,0.053,-0.147,-0.61,0
Honolulu,West,1/1/1975,0:00,2.33,1.91,1.421,0.712,0.702,-0.019,-0.229,-0.63,0
Honolulu,West,2/1/1975,0:00,2.143,1.67,1.28,0.65,0.64,-0.01,-0.157,-0.489,0
Honolulu,West,3/1/1975,0:00,2.021,1.621,1.231,0.64,0.62,0.01,-0.098,-0.298,0
Honolulu,West,4/1/1975,0:00,2.29,1.532,1.132,0.63,0.601,0.072,-0.088,-0.367,0
Honolulu,West,5/1/1975,0:00,2.051,1.66,1.162,0.581,0.561,-0.039,-0.22,-0.659,0
Honolulu,West,6/1/1975,0:00,2.09,1.69,1.181,0.591,0.561,-0.049,-0.279,-0.518,0
Honolulu,West,7/1/1975,0:00,2.192,1.69,1.201,0.591,0.571,-0.059,-0.269,-0.59,0
Honolulu,West,8/1/1975,0:00,2.392,1.86,1.421,0.712,0.702,-0.019,-0.17,-0.43,0
Honolulu,West,9/1/1975,0:00,2.011,1.732,1.362,0.702,0.692,0.02,-0.059,-0.38,0
Honolulu,West,10/1/1975,0:00,2.12,1.71,1.332,0.65,0.64,-0.059,-0.21,-0.509,0
Honolulu,West,11/1/1975,0:00,2.12,1.732,1.24,0.64,0.61,-0.019,-0.239,-0.577,0
Honolulu,West,12/1/1975,0:00,2.221,1.752,1.201,0.601,0.571,-0.059,-0.279,-0.59,0
Honolulu,West,1/1/1976,0:00,2.391,1.811,1.26,0.702,0.683,0.102,-0.088,-0.309,0
Honolulu,West,2/1/1976,0:00,1.891,1.46,NaN,0.502,NaN,NaN,-0.229,-0.709,1
Honolulu,West,3/1/1976,0:00,1.791,1.352,1.05,0.473,0.46,-0.128,-0.259,-0.609,0
Honolulu,West,4/1/1976,0:00,1.991,1.532,1.142,0.512,0.502,-0.138,-0.279,-0.609,0
Honolulu,West,5/1/1976,0:00,2.291,1.68,1.162,0.561,0.532,-0.098,-0.308,-0.609,0
Honolulu,West,6/1/1976,0:00,2.191,1.69,1.211,0.62,0.601,-0.019,-0.229,-0.509,0
Honolulu,West,7/1/1976,0:00,NaN,NaN,NaN,0.65,NaN,NaN,NaN,NaN,1
Honolulu,West,8/1/1976,0:00,NaN,NaN,NaN,0.85,NaN,NaN,NaN,NaN,1
Honolulu,West,9/1/1976,0:00,2.291,1.942,1.582,1.011,0.991,0.4,0.292,0.091,0
Honolulu,West,10/1/1976,0:00,NaN,NaN,NaN,0.922,NaN,NaN,NaN,NaN,1
Honolulu,West,11/1/1976,0:00,NaN,NaN,NaN,0.961,NaN,NaN,NaN,NaN,1
Honolulu,West,12/1/1976,0:00,2.491,1.91,1.421,0.84,0.82,0.22,0.01,-0.309,0
Honolulu,West,1/1/1977,0:00,NaN,NaN,NaN,0.893,NaN,NaN,NaN,NaN,6
Honolulu,West,2/1/1977,0:00,2.011,1.582,1.162,0.561,0.551,-0.069,-0.2,-0.409,1
Honolulu,West,3/1/1977,0:00,2.731,1.362,1.021,0.41,0.41,-0.2,-0.298,-0.509,0
Honolulu,West,4/1/1977,0:00,2.021,1.5,1.162,0.532,0.522,-0.128,-0.259,-0.599,0
Honolulu,West,5/1/1977,0:00,2.251,1.631,1.162,0.512,0.482,-0.19,-0.367,-0.649,0
Honolulu,West,6/1/1977,0:00,2.531,1.87,1.332,0.683,0.673,0,-0.2,-0.739,0
Honolulu,West,7/1/1977,0:00,2.891,1.972,1.46,0.791,0.791,0.112,-0.069,-0.259,1
Honolulu,West,8/1/1977,0:00,2.441,1.992,1.65,0.991,0.991,0.322,0.161,-0.009,0
Honolulu,West,9/1/1977,0:00,2.241,1.952,1.631,0.932,0.912,0.181,0.063,-0.079,0
Honolulu,West,10/1/1977,0:00,2.291,1.9,1.513,0.912,0.87,0.24,0.122,-0.109,0
Honolulu,West,11/1/1977,0:00,2.591,2.09,1.65,1.011,0.991,0.332,0.141,-0.309,0
Honolulu,West,12/1/1977,0:00,2.991,2.241,1.742,1.05,1.04,0.332,0.112,-0.209,0
Honolulu,West,1/1/1978,0:00,NaN,1.9,1.46,0.811,0.801,0.151,-0.069,-0.279,0
Honolulu,West,2/1/1978,0:00,2.511,1.89,1.513,0.86,0.85,0.2,0.04,-0.109,0
Honolulu,West,3/1/1978,0:00,1.961,1.723,1.362,0.732,0.722,0.092,-0.01,-0.299,0
Honolulu,West,4/1/1978,0:00,2.181,1.923,1.552,0.922,0.912,0.263,0.122,-0.119,0
Honolulu,West,5/1/1978,0:00,2.451,1.88,1.47,0.87,0.85,0.23,0.04,-0.199,0
Honolulu,West,6/1/1978,0:00,2.251,1.67,1.181,0.63,0.61,0.03,-0.19,-0.509,0
Honolulu,West,7/1/1978,0:00,2.951,2.152,1.67,1.06,1.04,0.4,0.19,-0.109,0
Honolulu,West,8/1/1978,0:00,2.371,1.732,1.391,0.83,0.811,0.23,0.102,-0.259,1
Honolulu,West,9/1/1978,0:00,2.111,1.67,1.372,0.801,0.781,0.19,0.092,-0.119,0
Honolulu,West,10/1/1978,0:00,2.421,1.992,1.67,1.06,1.04,0.41,0.292,-0.099,0
Honolulu,West,11/1/1978,0:00,2.531,2.002,1.552,0.971,0.942,0.332,0.151,-0.209,0
Honolulu,West,12/1/1978,0:00,2.591,1.91,1.362,0.742,0.712,0.063,-0.138,-0.579,0
Honolulu,West,1/1/1979,0:00,2.201,1.732,1.25,0.692,0.66,0.063,-0.138,-0.439,0
Honolulu,West,2/1/1979,0:00,2.111,1.49,1.112,0.532,0.512,-0.088,-0.249,-0.579,1
Honolulu,West,3/1/1979,0:00,1.991,1.523,1.231,0.64,0.64,0.053,-0.049,-0.409,0
Honolulu,West,4/1/1979,0:00,2.241,1.762,1.391,0.761,0.752,0.122,0,-0.229,0
Honolulu,West,5/1/1979,0:00,2.251,1.91,1.45,0.83,0.82,0.181,0.02,-0.259,0
Honolulu,West,6/1/1979,0:00,2.271,1.742,1.26,0.712,0.692,0.112,-0.098,-0.359,0
Honolulu,West,7/1/1979,0:00,2.401,1.831,1.372,0.761,0.752,0.122,-0.079,-0.459,0
Honolulu,West,8/1/1979,0:00,2.531,1.933,1.523,0.883,0.87,0.21,0.04,-0.249,0
Honolulu,West,9/1/1979,0:00,2.311,1.972,1.601,0.922,0.932,0.25,0.161,-0.179,0
Honolulu,West,10/1/1979,0:00,2.411,2.051,1.69,1.001,1.001,0.302,0.171,-0.069,0
Honolulu,West,11/1/1979,0:00,2.371,1.9,1.46,0.84,0.83,0.19,0,-0.219,0
Honolulu,West,12/1/1979,0:00,2.491,1.962,1.44,0.85,0.82,0.2,-0.01,-0.269,0
Honolulu,West,1/1/1980,0:00,2.731,2.202,1.69,1.05,1.04,0.381,0.181,-0.149,0
Honolulu,West,2/1/1980,0:00,2.551,2.021,1.621,1.001,0.991,0.361,0.24,-0.109,0
Honolulu,West,3/1/1980,0:00,2.221,1.762,1.431,0.801,0.791,0.151,0.072,-0.139,0
Honolulu,West,4/1/1980,0:00,2.331,1.723,1.352,0.732,0.722,0.082,-0.049,-0.299,0
Honolulu,West,5/1/1980,0:00,2.261,1.772,1.29,0.702,0.683,0.072,-0.108,-0.489,0
Honolulu,West,6/1/1980,0:00,2.511,1.972,1.421,0.791,0.771,0.122,-0.079,-0.359,0
Honolulu,West,7/1/1980,0:00,2.501,2.1,1.601,1.021,0.991,0.371,0.19,-0.039,0
Honolulu,West,8/1/1980,0:00,2.51,1.992,1.601,0.981,0.971,0.351,0.171,-0.089,0
Honolulu,West,9/1/1980,0:00,2.192,1.942,1.572,0.922,0.902,0.24,0.141,-0.049,0
Honolulu,West,10/1/1980,0:00,2.631,1.972,1.582,0.942,0.932,0.282,0.171,-0.199,0
Honolulu,West,11/1/1980,0:00,2.781,2.07,1.611,0.991,0.971,0.332,0.151,-0.189,0
Honolulu,West,12/1/1980,0:00,2.74,2.192,1.68,1.06,1.05,0.41,0.181,-0.118,0
Honolulu,West,1/1/1981,0:00,2.871,2.051,1.5,0.902,0.87,0.24,0.01,-0.259,0
Honolulu,West,2/1/1981,0:00,2.54,2.041,1.621,1.001,0.981,0.351,0.21,-0.029,0
Honolulu,West,3/1/1981,0:00,2.051,1.821,1.45,0.86,0.85,0.24,0.161,-0.059,0
Honolulu,West,4/1/1981,0:00,2.31,2.002,1.631,1.021,1.001,0.361,0.25,-0.039,0
Honolulu,West,5/1/1981,0:00,2.592,1.851,1.391,0.761,0.732,0.082,-0.108,-0.439,0
Honolulu,West,6/1/1981,0:00,2.661,1.933,1.401,0.781,0.761,0.122,-0.098,-0.439,0
Honolulu,West,7/1/1981,0:00,2.661,2.172,1.621,1.03,1.001,0.391,0.19,-0.18,0
Honolulu,West,8/1/1981,0:00,2.763,2.271,1.841,1.211,1.201,0.551,0.41,0.171,0
Honolulu,West,9/1/1981,0:00,2.71,2.431,2.1,1.401,1.381,0.673,0.561,0.292,0
Honolulu,West,10/1/1981,0:00,2.871,2.33,1.942,1.27,1.27,0.591,0.482,0.21,0
Honolulu,West,11/1/1981,0:00,2.592,2.07,1.562,0.942,0.922,0.282,0.102,-0.289,0
Honolulu,West,12/1/1981,0:00,2.881,2.11,1.542,0.922,0.893,0.24,0.01,-0.43,0
Honolulu,West,1/1/1982,0:00,2.582,1.86,1.362,0.811,0.771,0.181,-0.049,-0.83,0
Honolulu,West,2/1/1982,0:00,2.651,1.831,1.401,0.811,0.791,0.181,0.03,-0.18,0
Honolulu,West,3/1/1982,0:00,1.91,1.65,1.25,0.683,0.66,0.082,-0.029,-0.279,0
Honolulu,West,4/1/1982,0:00,1.992,1.562,1.142,0.522,0.502,-0.138,-0.259,-0.59,0
Honolulu,West,5/1/1982,0:00,2.162,1.611,1.152,0.532,0.502,-0.147,-0.338,-0.718,0
Honolulu,West,6/1/1982,0:00,2.471,1.811,1.29,0.692,0.673,0.063,-0.147,-0.489,0
Honolulu,West,7/1/1982,0:00,2.481,1.821,1.27,0.683,0.66,0.04,-0.18,-0.43,0
Honolulu,West,8/1/1982,0:00,2.402,1.782,1.29,0.732,0.712,0.122,-0.039,-0.348,0
Honolulu,West,9/1/1982,0:00,2.192,1.7,1.342,0.781,0.761,0.181,0.082,-0.088,0
Honolulu,West,10/1/1982,0:00,2.162,1.821,1.467,0.84,0.822,0.177,0.03,-0.259,1
Honolulu,West,11/1/1982,0:00,2.891,2.038,1.542,0.87,0.861,0.181,0.046,-0.449,0
Honolulu,West,12/1/1982,0:00,2.74,2.08,1.46,0.791,0.761,0.072,-0.128,-0.479,0
Honolulu,West,1/1/1983,0:00,2.812,2.12,1.552,0.893,0.86,0.171,-0.019,-0.249,0
Honolulu,West,2/1/1983,0:00,2.461,2.011,1.542,0.922,0.902,0.25,0.131,-0.2,0
Honolulu,West,3/1/1983,0:00,2.143,1.792,1.431,0.82,0.801,0.161,0.053,-0.269,0
Honolulu,West,4/1/1983,0:00,1.841,1.69,1.26,0.712,0.683,0.092,-0.039,-0.42,0
Honolulu,West,5/1/1983,0:00,2.09,1.71,1.211,0.692,0.65,0.092,-0.098,-0.348,0
Honolulu,West,6/1/1983,0:00,2.51,1.923,1.342,0.712,0.683,0.02,-0.18,-0.439,0
Honolulu,West,7/1/1983,0:00,2.51,1.942,1.431,0.82,0.801,0.171,-0.039,-0.357,0
Honolulu,West,8/1/1983,0:00,2.812,2.09,1.601,0.932,0.912,0.23,0.04,-0.249,0
Honolulu,West,9/1/1983,0:00,2.461,1.87,1.45,0.83,0.82,0.181,0.082,-0.157,0
Honolulu,West,10/1/1983,0:00,2.182,1.792,1.372,0.801,0.771,0.171,0.072,-0.229,0
Honolulu,West,11/1/1983,0:00,2.031,1.66,1.211,0.601,0.571,-0.069,-0.259,-0.558,0
Honolulu,West,12/1/1983,0:00,2.271,1.68,1.132,0.522,0.492,-0.147,-0.42,-0.728,0
Honolulu,West,1/1/1984,0:00,2.341,1.71,1.112,0.551,0.512,-0.079,-0.289,-0.509,0
Honolulu,West,2/1/1984,0:00,2.381,1.782,1.27,0.66,0.64,0.02,-0.138,-0.449,0
Honolulu,West,3/1/1984,0:00,2.051,1.641,1.25,0.62,0.601,-0.049,-0.128,-0.399,0
Honolulu,West,4/1/1984,0:00,2.07,1.631,1.221,0.61,0.581,-0.049,-0.19,-0.518,0
Honolulu,West,5/1/1984,0:00,2.461,1.841,1.303,0.781,0.742,0.171,-0.029,-0.289,0
Honolulu,West,6/1/1984,0:00,2.602,2.152,1.542,0.922,0.893,0.23,0.01,-0.269,0
Honolulu,West,7/1/1984,0:00,2.71,2.221,1.641,0.981,0.952,0.263,0.03,-0.567,0
Honolulu,West,8/1/1984,0:00,2.74,2.211,1.742,1.122,1.112,0.473,0.292,0.112,0
Honolulu,West,9/1/1984,0:00,2.651,2.29,1.841,1.211,1.191,0.542,0.45,0.102,0
Honolulu,West,10/1/1984,0:00,2.822,2.412,1.942,1.26,1.25,0.561,0.42,0.072,0
Honolulu,West,11/1/1984,0:00,2.991,2.362,1.821,1.201,1.181,0.532,0.332,0.121,0
Honolulu,West,12/1/1984,0:00,3.011,2.343,1.762,1.162,1.122,0.492,0.24,-0.009,0
Honolulu,West,1/1/1985,0:00,2.861,2.32,1.723,1.103,1.07,0.41,0.181,-0.069,0
Honolulu,West,2/1/1985,0:00,2.731,2.133,1.631,1.011,0.991,0.351,0.181,-0.119,0
Honolulu,West,3/1/1985,0:00,2.221,1.67,1.221,0.66,0.63,0.03,-0.079,-0.229,0
Honolulu,West,4/1/1985,0:00,1.851,1.572,1.181,0.591,0.571,-0.039,-0.19,-0.359,0
Honolulu,West,5/1/1985,0:00,2.181,1.7,1.211,0.601,0.571,-0.069,-0.269,-0.599,0
Honolulu,West,6/1/1985,0:00,2.681,2.143,1.513,0.902,0.87,0.22,0.02,-0.42,0
Honolulu,West,7/1/1985,0:00,2.832,2.1,1.48,0.87,0.83,0.19,-0.01,-0.19,0
Honolulu,West,8/1/1985,0:00,2.5,2.021,1.532,0.922,0.893,0.25,0.122,-0.019,0
Honolulu,West,9/1/1985,0:00,2.321,1.87,1.513,0.922,0.912,0.312,0.22,0.021,0
Honolulu,West,10/1/1985,0:00,2.33,1.923,1.591,0.981,0.981,0.361,0.23,-0.039,0
Honolulu,West,11/1/1985,0:00,2.49,1.9,1.411,0.801,0.771,0.141,-0.029,-0.279,0
Honolulu,West,12/1/1985,0:00,2.392,1.7,1.132,0.581,0.542,-0.059,-0.259,-0.528,0
Honolulu,West,1/1/1986,0:00,2.28,1.69,1.181,0.601,0.561,-0.059,-0.249,-0.558,0
Honolulu,West,2/1/1986,0:00,2.251,1.752,1.372,0.712,0.712,0.053,-0.039,-0.338,0
Honolulu,West,3/1/1986,0:00,2.12,1.66,1.29,0.65,0.64,-0.01,-0.088,-0.528,0
Honolulu,West,4/1/1986,0:00,2.12,1.572,1.112,0.502,0.482,-0.147,-0.279,-0.63,0
Honolulu,West,5/1/1986,0:00,2.221,1.542,1.03,0.45,0.43,-0.18,-0.38,-0.649,0
Honolulu,West,6/1/1986,0:00,2.211,1.591,1.04,0.502,0.473,-0.108,-0.318,-0.548,0
Honolulu,West,7/1/1986,0:00,2.3,1.611,1.07,0.502,0.46,-0.157,-0.318,-0.64,0
Honolulu,West,8/1/1986,0:00,2.261,1.772,1.313,0.692,0.673,0.04,-0.088,-0.289,0
Honolulu,West,9/1/1986,0:00,1.972,1.66,1.313,0.732,0.722,0.131,0.072,-0.21,0
Honolulu,West,10/1/1986,0:00,1.91,1.65,1.352,0.692,0.712,0.063,-0.069,-0.318,0
Honolulu,West,11/1/1986,0:00,2.461,2.021,1.5,0.84,0.83,0.161,-0.039,-0.6,0
Honolulu,West,12/1/1986,0:00,2.69,1.942,1.25,0.62,0.581,-0.088,-0.318,-0.538,0
Honolulu,West,1/1/1987,0:00,2.54,1.87,1.29,0.683,0.64,0,-0.18,-0.498,0
Honolulu,West,2/1/1987,0:00,2.172,1.752,1.322,0.722,0.702,0.072,-0.039,-0.367,0
Honolulu,West,3/1/1987,0:00,1.942,1.69,1.362,0.702,0.692,0.03,-0.069,-0.259,0
Honolulu,West,4/1/1987,0:00,1.952,1.65,1.27,0.62,0.62,-0.029,-0.18,-0.577,0
Honolulu,West,5/1/1987,0:00,2.211,1.68,1.132,0.581,0.532,-0.069,-0.249,-0.439,0
Honolulu,West,6/1/1987,0:00,2.392,1.762,1.171,0.62,0.571,-0.019,-0.239,-0.469,0
Honolulu,West,7/1/1987,0:00,2.261,1.601,1.122,0.551,0.532,-0.069,-0.239,-0.679,0
Honolulu,West,8/1/1987,0:00,2.33,1.68,1.303,0.712,0.683,0.072,-0.019,-0.259,0
Honolulu,West,9/1/1987,0:00,2.221,1.67,1.303,0.712,0.712,0.112,0.03,-0.229,0
Honolulu,West,10/1/1987,0:00,2.202,1.732,1.25,0.66,0.64,0.02,-0.098,-0.308,0
Honolulu,West,11/1/1987,0:00,2.71,2.143,1.601,0.961,0.932,0.273,0.092,-0.138,0
Honolulu,West,12/1/1987,0:00,2.982,2.372,1.71,1.06,1.03,0.341,0.082,-0.18,0
Honolulu,West,1/1/1988,0:00,2.782,2.211,1.572,0.922,0.893,0.21,0,-0.4,0
Honolulu,West,2/1/1988,0:00,2.612,2.061,1.572,0.922,0.902,0.23,0.092,-0.19,0
Honolulu,West,3/1/1988,0:00,2.461,2.09,1.67,0.971,0.961,0.25,0.141,-0.239,0
Honolulu,West,4/1/1988,0:00,2.572,2.162,1.68,1.001,0.981,0.282,0.112,-0.128,0
Honolulu,West,5/1/1988,0:00,2.851,2.31,1.71,1.04,1.021,0.322,0.131,-0.098,0
Honolulu,West,6/1/1988,0:00,2.812,2.271,1.601,0.961,0.922,0.24,0,-0.22,0
Honolulu,West,7/1/1988,0:00,2.812,2.343,1.742,1.08,1.05,0.371,0.19,-0.108,0
Honolulu,West,8/1/1988,0:00,2.782,2.241,1.792,1.08,1.08,0.361,0.2,0.03,0
Honolulu,West,9/1/1988,0:00,2.441,2.202,1.742,1.08,1.06,0.391,0.273,0.072,0
Honolulu,West,10/1/1988,0:00,2.612,2.12,1.67,1.021,1.011,0.351,0.22,-0.19,0
Honolulu,West,11/1/1988,0:00,2.612,2.08,1.542,0.942,0.912,0.282,0.102,-0.259,0
Honolulu,West,12/1/1988,0:00,2.661,2.12,1.532,0.922,0.893,0.25,0.01,-0.338,0
Honolulu,West,1/1/1989,0:00,2.382,1.933,1.401,0.791,0.761,0.122,-0.069,-0.4,0
Honolulu,West,2/1/1989,0:00,2.592,1.952,1.523,0.82,0.811,0.102,-0.039,-0.318,0
Honolulu,West,3/1/1989,0:00,2.3,1.982,1.542,0.84,0.83,0.131,0.03,-0.4,0
Honolulu,West,4/1/1989,0:00,2.353,1.811,1.391,0.732,0.732,0.063,-0.088,-0.328,0
Honolulu,West,5/1/1989,0:00,2.133,1.68,1.191,0.63,0.591,-0.01,-0.22,-0.567,0
Honolulu,West,6/1/1989,0:00,2.572,2.061,1.431,0.791,0.761,0.082,-0.19,-0.649,0
Honolulu,West,7/1/1989,0:00,2.73,2.041,1.46,0.791,0.761,0.053,-0.147,-0.367,0
Honolulu,West,8/1/1989,0:00,2.271,1.811,1.352,0.742,0.722,0.082,-0.049,-0.269,0
Honolulu,West,9/1/1989,0:00,2.441,1.952,1.601,0.952,0.932,0.273,0.151,-0.19,0
Honolulu,West,10/1/1989,0:00,2.582,1.982,1.513,0.84,0.83,0.141,-0.01,-0.318,0
Honolulu,West,11/1/1989,0:00,2.71,2.021,1.401,0.82,0.781,0.171,-0.01,-0.298,0
Honolulu,West,12/1/1989,0:00,2.871,1.972,1.303,0.702,0.66,0.02,-0.17,-0.39,0
Honolulu,West,1/1/1990,0:00,2.353,1.782,1.27,0.673,0.64,0.01,-0.18,-0.63,0
Honolulu,West,2/1/1990,0:00,1.732,1.322,0.961,0.282,0.282,-0.4,-0.489,-0.879,0
Honolulu,West,3/1/1990,0:00,1.641,1.362,1.001,0.391,0.361,-0.279,-0.38,-0.738,0
Honolulu,West,4/1/1990,0:00,2.28,1.542,1.171,0.482,0.492,-0.2,-0.338,-0.62,0
Honolulu,West,5/1/1990,0:00,2.251,1.562,1.05,0.473,0.43,-0.18,-0.367,-0.718,0
Honolulu,West,6/1/1990,0:00,2.29,1.69,1.112,0.581,0.542,-0.029,-0.249,-0.59,0
Honolulu,West,7/1/1990,0:00,2.49,1.723,1.191,0.591,0.551,-0.079,-0.249,-0.43,0
Honolulu,West,8/1/1990,0:00,2.353,1.831,1.391,0.732,0.722,0.04,-0.098,-0.318,0
Honolulu,West,9/1/1990,0:00,2.182,1.952,1.542,0.893,0.87,0.21,0.082,-0.138,0
Honolulu,West,10/1/1990,0:00,2.53,1.923,1.591,0.922,0.922,0.263,0.141,-0.108,0
Honolulu,West,11/1/1990,0:00,2.651,1.962,1.45,0.87,0.85,0.25,0.04,-0.508,0
Honolulu,West,12/1/1990,0:00,2.372,1.792,1.181,0.62,0.571,-0.039,-0.239,-0.64,0
Honolulu,West,1/1/1991,0:00,2.661,1.942,1.421,0.732,0.722,0.01,-0.147,-0.559,0
Honolulu,West,2/1/1991,0:00,2.192,1.792,1.381,0.722,0.712,0.053,-0.079,-0.249,0
Honolulu,West,3/1/1991,0:00,1.851,1.611,1.231,0.571,0.561,-0.118,-0.229,-0.538,0
Honolulu,West,4/1/1991,0:00,1.972,1.591,1.132,0.571,0.542,-0.059,-0.22,-0.42,0
Honolulu,West,5/1/1991,0:00,2.152,1.66,1.093,0.551,0.512,-0.079,-0.249,-0.6,0
Honolulu,West,6/1/1991,0:00,2.202,1.772,1.191,0.62,0.591,-0.01,-0.229,-0.699,0
Honolulu,West,7/1/1991,0:00,2.5,1.992,1.47,0.86,0.84,0.2,-0.029,-0.459,0
Honolulu,West,8/1/1991,0:00,2.93,2.133,1.69,1.001,1.001,0.312,0.151,-0.039,0
Honolulu,West,9/1/1991,0:00,2.563,1.972,1.572,0.902,0.902,0.23,0.122,-0.108,0
Honolulu,West,10/1/1991,0:00,2.421,1.87,1.47,0.82,0.82,0.171,0.04,-0.259,0
Honolulu,West,11/1/1991,0:00,2.91,2.241,1.71,1.06,1.04,0.361,0.141,-0.22,0
Honolulu,West,12/1/1991,0:00,2.671,2.07,1.47,0.85,0.82,0.171,-0.079,-0.518,0
Honolulu,West,1/1/1992,0:00,2.572,1.91,1.401,0.771,0.742,0.082,-0.098,-0.479,0
Honolulu,West,2/1/1992,0:00,2.481,1.871,1.481,0.851,0.831,0.181,0.081,-0.279,0
Honolulu,West,3/1/1992,0:00,2.201,1.911,1.561,0.951,0.941,0.331,0.221,-0.189,0
Honolulu,West,4/1/1992,0:00,2.411,1.971,1.531,0.841,0.821,0.111,-0.049,-0.459,0
Honolulu,West,5/1/1992,0:00,2.353,1.831,1.27,0.62,0.581,-0.098,-0.318,-0.567,0
Honolulu,West,6/1/1992,0:00,2.53,2.021,1.401,0.781,0.742,0.082,-0.147,-0.43,0
Honolulu,West,7/1/1992,0:00,2.622,1.982,1.431,0.781,0.752,0.082,-0.118,-0.38,0
Honolulu,West,8/1/1992,0:00,2.51,1.933,1.542,0.902,0.883,0.21,0.02,-0.249,0
Honolulu,West,9/1/1992,0:00,3.37,2.231,1.821,1.152,1.142,0.45,0.302,-0.118,0
Honolulu,West,10/1/1992,0:00,2.402,2.021,1.591,1.001,0.981,0.361,0.25,-0.098,0
Honolulu,West,11/1/1992,0:00,2.94,2.31,1.801,1.142,1.112,0.43,0.24,0,0
Honolulu,West,12/1/1992,0:00,2.871,2.271,1.752,1.103,1.08,0.4,0.151,-0.229,0
Honolulu,West,1/1/1993,0:00,2.792,2.021,1.523,0.912,0.893,0.263,0.053,-0.259,0
Honolulu,West,2/1/1993,0:00,2.661,1.841,1.45,0.82,0.801,0.151,0.03,-0.289,0
Honolulu,West,3/1/1993,0:00,2.412,1.972,1.572,0.942,0.912,0.263,0.151,-0.128,0
Honolulu,West,4/1/1993,0:00,2.362,1.952,1.532,0.893,0.87,0.22,0.082,-0.18,0
Honolulu,West,5/1/1993,0:00,2.451,1.972,1.46,0.883,0.84,0.23,0,-0.17,0
Honolulu,West,6/1/1993,0:00,2.52,1.972,1.421,0.893,0.85,0.282,0.03,-0.249,0
Honolulu,West,7/1/1993,0:00,2.32,1.942,1.421,0.83,0.801,0.181,0,-0.229,0
Honolulu,West,8/1/1993,0:00,2.382,1.89,1.48,0.883,0.86,0.23,0.092,-0.147,0
Honolulu,West,9/1/1993,0:00,2.09,1.772,1.45,0.86,0.85,0.25,0.171,-0.2,0
Honolulu,West,10/1/1993,0:00,2.382,1.923,1.552,0.952,0.942,0.322,0.171,-0.22,0
Honolulu,West,11/1/1993,0:00,2.392,1.752,1.25,0.712,0.683,0.112,-0.079,-0.357,0
Honolulu,West,12/1/1993,0:00,2.182,1.69,1.152,0.61,0.561,-0.019,-0.249,-0.548,0
Honolulu,West,1/1/1994,0:00,2.221,1.723,1.26,0.669,0.648,0.036,-0.138,-0.328,0
Honolulu,West,2/1/1994,0:00,2.11,1.608,1.237,0.633,0.617,-0.003,-0.105,-0.439,0
Honolulu,West,3/1/1994,0:00,1.831,1.473,1.109,0.509,0.496,-0.118,-0.233,-0.689,0
Honolulu,West,4/1/1994,0:00,2.32,1.644,1.211,0.637,0.62,0.03,-0.124,-0.38,0
Honolulu,West,5/1/1994,0:00,2.231,1.792,1.299,0.706,0.669,0.04,-0.141,-0.567,0
Honolulu,West,6/1/1994,0:00,2.5,1.887,1.395,0.752,0.722,0.049,-0.193,-0.449,0
Honolulu,West,7/1/1994,0:00,2.75,2.211,1.726,1.037,1.039,0.351,0.145,-0.049,0
Honolulu,West,8/1/1994,0:00,2.51,2.143,1.746,1.076,1.066,0.387,0.259,0.04,0
Honolulu,West,9/1/1994,0:00,2.33,1.959,1.611,1.047,1.027,0.443,0.345,0.102,0
Honolulu,West,10/1/1994,0:00,2.51,2.074,1.713,1.106,1.094,0.476,0.355,0.171,0
Honolulu,West,11/1/1994,0:00,2.782,1.956,1.463,0.916,0.884,0.305,0.115,-0.321,0
Honolulu,West,12/1/1994,0:00,2.487,1.998,1.45,0.83,0.804,0.158,-0.056,-0.423,0
Honolulu,West,1/1/1995,0:00,2.553,1.942,1.434,0.814,0.793,0.151,-0.039,-0.41,0
Honolulu,West,2/1/1995,0:00,2.29,1.792,1.427,0.824,0.814,0.2,0.059,-0.118,0
Honolulu,West,3/1/1995,0:00,2.241,1.988,1.732,1.083,1.085,0.437,0.348,-0.098,0
Honolulu,West,4/1/1995,0:00,2.651,2.169,1.798,1.152,1.14,0.482,0.338,-0.01,0
Honolulu,West,5/1/1995,0:00,2.421,1.857,1.375,0.794,0.77,0.164,0.007,-0.318,0
Honolulu,West,6/1/1995,0:00,2.861,2.166,1.647,1.014,0.994,0.341,0.148,-0.18,0
Honolulu,West,7/1/1995,0:00,3.081,2.333,1.831,1.198,1.183,0.535,0.338,0.102,0
Honolulu,West,8/1/1995,0:00,2.481,1.88,1.523,0.939,0.92,0.318,0.168,-0.049,0
Honolulu,West,9/1/1995,0:00,2.33,2.067,1.726,1.07,1.063,0.4,0.289,0.122,0
Honolulu,West,10/1/1995,0:00,2.622,2.179,1.798,1.129,1.124,0.45,0.328,0.03,0
Honolulu,West,11/1/1995,0:00,2.973,2.297,1.841,1.145,1.139,0.437,0.246,-0.029,0
Honolulu,West,12/1/1995,0:00,3.042,2.376,1.864,1.217,1.201,0.538,0.286,-0.157,0
Honolulu,West,1/1/1996,0:00,2.907,2.103,1.608,0.981,0.965,0.322,0.141,-0.118,0
Honolulu,West,2/1/1996,0:00,2.208,1.739,1.368,0.765,0.756,0.145,-0.003,-0.387,0
Honolulu,West,3/1/1996,0:00,2.238,1.667,1.375,0.771,0.76,0.145,0.046,-0.289,0
Honolulu,West,4/1/1996,0:00,2.149,1.792,1.473,0.876,0.868,0.263,0.128,-0.19,0
Honolulu,West,5/1/1996,0:00,2.356,1.903,1.467,0.82,0.801,0.135,-0.042,-0.397,0
Honolulu,West,6/1/1996,0:00,2.828,1.89,1.381,0.745,0.722,0.063,-0.144,-0.41,0
Honolulu,West,7/1/1996,0:00,2.868,2.3,1.798,1.112,1.103,0.407,0.184,-0.147,0
Honolulu,West,8/1/1996,0:00,2.477,2.093,1.716,1.089,1.078,0.44,0.259,-0.046,0
Honolulu,West,9/1/1996,0:00,2.674,2.172,1.87,1.165,1.167,0.463,0.361,0.122,0
Honolulu,West,10/1/1996,0:00,2.71,2.251,1.88,1.257,1.242,0.604,0.486,0.256,0
Honolulu,West,11/1/1996,0:00,2.812,2.323,1.857,1.181,1.165,0.473,0.305,-0.062,0
Honolulu,West,12/1/1996,0:00,2.586,2.031,1.532,0.909,0.893,0.253,0.026,-0.318,0
Honolulu,West,1/1/1997,0:00,2.31,1.854,1.408,0.827,0.817,0.227,0.01,-0.403,0
Honolulu,West,2/1/1997,0:00,2.536,1.936,1.536,0.922,0.909,0.282,0.148,-0.157,0
Honolulu,West,3/1/1997,0:00,2.261,1.883,1.549,0.922,0.914,0.279,0.177,-0.016,0
Honolulu,West,4/1/1997,0:00,2.33,2.002,1.624,0.961,0.947,0.269,0.161,-0.213,0
Honolulu,West,5/1/1997,0:00,2.451,2.038,1.614,0.948,0.935,0.256,0.082,-0.243,0
Honolulu,West,6/1/1997,0:00,2.362,1.939,1.46,0.837,0.814,0.168,-0.059,-0.357,0
Honolulu,West,7/1/1997,0:00,2.546,2.064,1.591,0.958,0.942,0.292,0.099,-0.121,0
Honolulu,West,8/1/1997,0:00,2.658,2.084,1.657,1.021,1.014,0.371,0.223,0.01,0
Honolulu,West,9/1/1997,0:00,2.615,2.074,1.749,1.122,1.116,0.482,0.394,0.072,0
Honolulu,West,10/1/1997,0:00,2.428,1.998,1.67,1.024,1.019,0.368,0.243,-0.049,0
Honolulu,West,11/1/1997,0:00,2.287,1.837,1.378,0.781,0.763,0.148,-0.023,-0.289,0
Honolulu,West,12/1/1997,0:00,2.418,1.919,1.385,0.755,0.722,0.059,-0.157,-0.495,0
Honolulu,West,1/1/1998,0:00,2.192,1.778,1.283,0.679,0.653,0.023,-0.177,-0.551,0
Honolulu,West,2/1/1998,0:00,1.91,1.496,1.099,0.525,0.509,-0.082,-0.233,-0.449,0
Honolulu,West,3/1/1998,0:00,1.919,1.634,1.322,0.692,0.684,0.046,-0.056,-0.43,0
Honolulu,West,4/1/1998,0:00,2.3,1.65,1.267,0.663,0.648,0.03,-0.092,-0.416,0
Honolulu,West,5/1/1998,0:00,2.179,1.68,1.208,0.637,0.61,0.013,-0.174,-0.505,0
Honolulu,West,6/1/1998,0:00,2.198,1.664,1.171,0.587,0.565,-0.042,-0.259,-0.495,0
Honolulu,West,7/1/1998,0:00,2.07,1.523,1.076,0.522,0.496,-0.085,-0.308,-0.564,0
Honolulu,West,8/1/1998,0:00,2.307,1.9,1.496,0.866,0.856,0.217,0.036,-0.315,0
Honolulu,West,9/1/1998,0:00,2.408,2.011,1.65,1.001,0.988,0.325,0.207,-0.036,0
Honolulu,West,10/1/1998,0:00,2.123,1.7,1.345,0.735,0.715,0.086,-0.016,-0.226,0
Honolulu,West,11/1/1998,0:00,2.398,1.834,1.408,0.768,0.758,0.108,-0.088,-0.334,0
Honolulu,West,12/1/1998,0:00,2.497,1.775,1.253,0.643,0.625,-0.003,-0.243,-0.453,0
Honolulu,West,1/1/1999,0:00,2.369,1.939,1.404,0.781,0.753,0.102,-0.111,-0.43,0
Honolulu,West,2/1/1999,0:00,2.241,1.739,1.352,0.735,0.724,0.095,-0.033,-0.315,0
Honolulu,West,3/1/1999,0:00,2.139,1.657,1.326,0.732,0.719,0.112,0.02,-0.249,0
Honolulu,West,4/1/1999,0:00,1.982,1.568,1.227,0.679,0.653,0.079,-0.049,-0.357,0
Honolulu,West,5/1/1999,0:00,2.162,1.673,1.204,0.633,0.607,0.01,-0.177,-0.541,0
Honolulu,West,6/1/1999,0:00,2.448,1.913,1.391,0.797,0.768,0.145,-0.049,-0.357,0
Honolulu,West,7/1/1999,0:00,2.477,1.88,1.411,0.837,0.819,0.227,0.063,-0.272,0
Honolulu,West,8/1/1999,0:00,2.438,1.956,1.562,0.955,0.94,0.318,0.128,-0.121,0
Honolulu,West,9/1/1999,0:00,2.543,2.159,1.792,1.191,1.178,0.565,0.453,0.25,0
Honolulu,West,10/1/1999,0:00,2.405,2.11,1.742,1.089,1.081,0.42,0.328,-0.056,0
Honolulu,West,11/1/1999,0:00,2.75,2.084,1.654,1.011,0.994,0.335,0.148,-0.151,0
Honolulu,West,12/1/1999,0:00,2.707,1.936,1.457,0.883,0.86,0.263,0.043,-0.229,0
Honolulu,West,1/1/2000,0:00,2.549,1.785,1.267,0.709,0.676,0.086,-0.115,-0.344,0
Honolulu,West,2/1/2000,0:00,2.129,1.624,1.191,0.597,0.581,-0.029,-0.184,-0.535,0
Honolulu,West,3/1/2000,0:00,1.939,1.637,1.299,0.689,0.679,0.059,-0.016,-0.184,0
Honolulu,West,4/1/2000,0:00,1.893,1.677,1.332,0.702,0.704,0.076,-0.069,-0.325,0
Honolulu,West,5/1/2000,0:00,2.402,1.857,1.418,0.774,0.758,0.099,-0.088,-0.341,0
Honolulu,West,6/1/2000,0:00,2.645,1.992,1.45,0.83,0.804,0.158,-0.059,-0.423,0
Honolulu,West,7/1/2000,0:00,2.812,2.038,1.48,0.847,0.827,0.174,-0.039,-0.446,0
Honolulu,West,8/1/2000,0:00,2.474,1.828,1.365,0.788,0.763,0.161,-0.013,-0.285,0
Honolulu,West,9/1/2000,0:00,2.09,1.775,1.44,0.856,0.843,0.246,0.148,-0.167,0
Honolulu,West,10/1/2000,0:00,2.074,1.752,1.404,0.768,0.756,0.108,-0.006,-0.275,0
Honolulu,West,11/1/2000,0:00,2.123,1.723,1.257,0.666,0.64,0.023,-0.151,-0.394,0
Honolulu,West,12/1/2000,0:00,2.435,1.87,1.365,0.771,0.74,0.115,-0.085,-0.466,0
Honolulu,West,1/1/2001,0:00,2.53,1.792,1.27,0.709,0.683,0.095,-0.108,-0.462,0
Honolulu,West,2/1/2001,0:00,2.599,1.844,1.437,0.797,0.786,0.135,-0.019,-0.328,0
Honolulu,West,3/1/2001,0:00,2.106,1.591,1.191,0.614,0.596,0,-0.128,-0.41,0
Honolulu,West,4/1/2001,0:00,2.024,1.703,1.28,0.696,0.668,0.056,-0.069,-0.344,0
Honolulu,West,5/1/2001,0:00,2.257,1.788,1.352,0.745,0.729,0.105,-0.069,-0.403,0
Honolulu,West,6/1/2001,0:00,2.376,1.89,1.388,0.765,0.745,0.102,-0.098,-0.476,0
Honolulu,West,7/1/2001,0:00,2.697,2.103,1.552,0.922,0.898,0.243,0.013,-0.223,0
Honolulu,West,8/1/2001,0:00,2.671,2.054,1.572,0.952,0.927,0.282,0.118,-0.315,0
Honolulu,West,9/1/2001,0:00,2.572,2.054,1.65,0.978,0.976,0.302,0.22,-0.029,0
Honolulu,West,10/1/2001,0:00,2.008,1.71,1.368,0.778,0.766,0.164,0.03,-0.187,0
Honolulu,West,11/1/2001,0:00,2.287,1.9,1.457,0.837,0.82,0.184,0.003,-0.305,0
Honolulu,West,12/1/2001,0:00,2.625,2.005,1.404,0.804,0.768,0.131,-0.098,-0.272,0
Honolulu,West,1/1/2002,0:00,2.582,2.034,1.45,0.817,0.788,0.125,-0.088,-0.4,0
Honolulu,West,2/1/2002,0:00,2.08,1.624,1.148,0.558,0.532,-0.085,-0.246,-0.607,0
Honolulu,West,3/1/2002,0:00,2.162,1.65,1.326,0.656,0.66,-0.006,-0.095,-0.374,0
Honolulu,West,4/1/2002,0:00,2.077,1.772,1.329,0.735,0.702,0.076,-0.065,-0.436,0
Honolulu,West,5/1/2002,0:00,2.316,1.778,1.257,0.669,0.635,0.013,-0.164,-0.403,0
Honolulu,West,6/1/2002,0:00,2.412,1.926,1.355,0.755,0.729,0.102,-0.108,-0.364,0
Honolulu,West,7/1/2002,0:00,2.366,1.864,1.329,0.752,0.72,0.112,-0.095,-0.298,0
Honolulu,West,8/1/2002,0:00,2.113,1.673,1.231,0.669,0.653,0.076,-0.111,-0.443,0
Honolulu,West,9/1/2002,0:00,2.507,2.126,1.7,1.04,1.024,0.348,0.263,-0.079,0
Honolulu,West,10/1/2002,0:00,2.435,2.215,1.762,1.073,1.073,0.384,0.279,0.02,0
Honolulu,West,11/1/2002,0:00,2.54,2.038,1.572,0.886,0.875,0.177,-0.006,-0.311,0
Honolulu,West,12/1/2002,0:00,2.576,2.005,1.421,0.768,0.74,0.059,-0.147,-0.446,0
Honolulu,West,1/1/2003,0:00,2.599,2.08,1.477,0.83,0.801,0.125,-0.085,-0.341,0
Honolulu,West,2/1/2003,0:00,2.398,1.719,1.234,0.62,0.596,-0.042,-0.184,-0.43,0
Honolulu,West,3/1/2003,0:00,2.244,1.887,1.559,0.902,0.902,0.246,0.148,-0.259,0
Honolulu,West,4/1/2003,0:00,2.205,1.762,1.427,0.82,0.814,0.2,0.063,-0.223,0
Honolulu,West,5/1/2003,0:00,2.622,2.087,1.559,0.978,0.95,0.341,0.145,-0.184,0
Honolulu,West,6/1/2003,0:00,3.081,2.444,1.837,1.165,1.137,0.437,0.233,-0.042,0
Honolulu,West,7/1/2003,0:00,2.894,2.284,1.673,1.06,1.029,0.384,0.187,-0.102,0
Honolulu,West,8/1/2003,0:00,2.73,2.339,1.877,1.221,1.199,0.522,0.348,0.122,0
Honolulu,West,9/1/2003,0:00,3.051,2.631,2.195,1.48,1.468,0.742,0.61,0.433,0
Honolulu,West,10/1/2003,0:00,2.95,2.572,2.064,1.352,1.327,0.591,0.46,-0.052,0
Honolulu,West,11/1/2003,0:00,2.92,2.267,1.696,1.03,1.007,0.318,0.138,-0.141,0
Honolulu,West,12/1/2003,0:00,2.461,1.88,1.372,0.791,0.765,0.158,-0.052,-0.489,0
Honolulu,West,1/1/2004,0:00,2.559,1.946,1.427,0.853,0.817,0.207,0.046,-0.403,0
Honolulu,West,2/1/2004,0:00,2.563,2.143,1.69,1.011,0.986,0.282,0.135,-0.151,0
Honolulu,West,3/1/2004,0:00,2.366,1.811,1.454,0.807,0.819,0.184,0.099,-0.115,0
Honolulu,West,4/1/2004,0:00,2.192,1.818,1.473,0.847,0.85,0.227,0.082,-0.289,0
Honolulu,West,5/1/2004,0:00,2.795,2.31,1.782,1.181,1.144,0.505,0.279,-0.085,0
Honolulu,West,6/1/2004,0:00,3.045,2.376,1.746,1.08,1.053,0.361,0.125,-0.334,0
Honolulu,West,7/1/2004,0:00,2.937,2.254,1.621,0.929,0.902,0.184,-0.029,-0.341,0
Honolulu,West,8/1/2004,0:00,2.953,2.136,1.624,0.965,0.943,0.263,0.102,-0.193,0
Honolulu,West,9/1/2004,0:00,2.448,2.241,1.857,1.139,1.119,0.381,0.243,-0.003,0
Honolulu,West,10/1/2004,0:00,2.835,2.346,1.89,1.221,1.196,0.502,0.358,0.102,0
Honolulu,West,11/1/2004,0:00,2.989,2.412,1.844,1.185,1.152,0.46,0.259,0.02,0
Honolulu,West,12/1/2004,0:00,2.923,2.33,1.706,1.044,1.009,0.312,0.095,-0.348,0
Honolulu,West,1/1/2005,0:00,2.871,2.159,1.588,0.952,0.924,0.259,0.056,-0.338,0
Honolulu,West,2/1/2005,0:00,2.69,2.146,1.65,1.007,0.981,0.312,0.174,-0.174,0
Honolulu,West,3/1/2005,0:00,2.503,1.982,1.627,0.955,0.952,0.276,0.164,-0.161,0
Honolulu,West,4/1/2005,0:00,2.231,1.854,1.378,0.771,0.747,0.115,-0.019,-0.239,0
Honolulu,West,5/1/2005,0:00,2.753,2.126,1.598,0.952,0.925,0.253,0.066,-0.357,0
Honolulu,West,6/1/2005,0:00,2.671,2.11,1.523,0.896,0.87,0.217,0.003,-0.377,0
Honolulu,West,7/1/2005,0:00,2.835,2.097,1.493,0.827,0.799,0.105,-0.092,-0.41,0
Honolulu,West,8/1/2005,0:00,2.572,2.09,1.549,0.909,0.878,0.207,0.056,-0.341,0
Honolulu,West,9/1/2005,0:00,2.635,2.166,1.746,1.119,1.094,0.443,0.341,0.079,0
Honolulu,West,10/1/2005,0:00,2.28,1.857,1.539,0.889,0.907,0.276,0.128,-0.121,0
Honolulu,West,11/1/2005,0:00,2.3,1.857,1.477,0.843,0.861,0.246,0.059,-0.197,0
Honolulu,West,12/1/2005,0:00,2.73,2.149,1.526,0.942,0.898,0.269,0.099,-0.154,0
Honolulu,West,1/1/2006,0:00,2.773,2.267,1.637,1.034,0.988,0.338,0.151,-0.174,0
Honolulu,West,2/1/2006,0:00,2.431,1.972,1.509,0.847,0.834,0.158,0.007,-0.233,0
Honolulu,West,3/1/2006,0:00,2.248,1.939,1.559,0.935,0.919,0.279,0.177,-0.144,0
Honolulu,West,4/1/2006,0:00,2.448,1.969,1.477,0.87,0.847,0.217,0.063,-0.367,0
Honolulu,West,5/1/2006,0:00,2.474,1.9,1.303,0.738,0.691,0.079,-0.095,-0.328,0
Honolulu,West,6/1/2006,0:00,2.51,2.1,1.483,0.922,0.884,0.286,0.079,-0.157,0
Honolulu,West,7/1/2006,0:00,2.795,2.264,1.736,1.132,1.112,0.489,0.279,-0.019,0
Honolulu,West,8/1/2006,0:00,2.982,2.441,1.979,1.306,1.286,0.594,0.404,0.131,0
Honolulu,West,9/1/2006,0:00,2.677,2.254,1.824,1.126,1.119,0.414,0.322,-0.016,0
Honolulu,West,10/1/2006,0:00,2.838,2.32,1.798,1.171,1.15,0.502,0.371,0.089,0
Honolulu,West,11/1/2006,0:00,2.802,2.353,1.805,1.211,1.178,0.551,0.335,-0.006,0
Honolulu,West,12/1/2006,0:00,2.904,2.156,1.526,0.912,0.878,0.23,-0.019,-0.289,0
Honolulu,West,1/1/2007,0:00,2.74,2.172,1.565,0.896,0.865,0.164,-0.042,-0.43,0
Honolulu,West,2/1/2007,0:00,2.602,1.851,1.385,0.748,0.735,0.086,-0.046,-0.298,0
Honolulu,West,3/1/2007,0:00,2.221,1.893,1.519,0.86,0.848,0.177,0.079,-0.275,0
Honolulu,West,4/1/2007,0:00,2.389,1.755,1.355,0.686,0.684,0.013,-0.144,-0.469,0
Honolulu,West,5/1/2007,0:00,2.543,1.926,1.342,0.758,0.727,0.112,-0.072,-0.42,0
Honolulu,West,6/1/2007,0:00,2.799,2.021,1.395,0.824,0.783,0.171,-0.026,-0.226,0
Honolulu,West,7/1/2007,0:00,2.635,2.162,1.585,0.975,0.94,0.295,0.115,-0.161,0
Honolulu,West,8/1/2007,0:00,2.605,2.182,1.798,1.112,1.106,0.414,0.312,0.02,0
Honolulu,West,9/1/2007,0:00,2.336,1.975,1.578,0.935,0.924,0.269,0.151,-0.269,0
Honolulu,West,10/1/2007,0:00,2.579,1.919,1.457,0.847,0.829,0.2,0.059,-0.111,0
Honolulu,West,11/1/2007,0:00,2.976,2.221,1.664,1.06,1.027,0.387,0.2,-0.147,0
Honolulu,West,12/1/2007,0:00,2.864,2.238,1.637,1.024,0.991,0.345,0.099,-0.308,0
Honolulu,West,1/1/2008,0:00,2.494,1.906,1.398,0.784,0.755,0.112,-0.052,-0.416,0
Honolulu,West,2/1/2008,0:00,2.369,1.926,1.516,0.827,0.827,0.138,0.017,-0.138,0
Honolulu,West,3/1/2008,0:00,2.133,1.798,1.395,0.761,0.761,0.128,0.033,-0.285,0
Honolulu,West,4/1/2008,0:00,2.3,1.772,1.299,0.699,0.678,0.056,-0.098,-0.331,0
Honolulu,West,5/1/2008,0:00,2.392,1.962,1.411,0.824,0.789,0.168,-0.056,-0.354,0
Honolulu,West,6/1/2008,0:00,2.855,2.221,1.598,0.971,0.935,0.273,0.04,-0.295,0
Honolulu,West,7/1/2008,0:00,3.012,2.356,1.732,1.073,1.042,0.351,0.122,-0.226,0
Honolulu,West,8/1/2008,0:00,2.976,2.376,1.919,1.204,1.191,0.463,0.315,0.069,0
Honolulu,West,9/1/2008,0:00,2.369,2.149,1.778,1.103,1.099,0.42,0.305,0.069,0
Honolulu,West,10/1/2008,0:00,2.415,2.021,1.552,0.965,0.937,0.322,0.177,-0.056,0
Honolulu,West,11/1/2008,0:00,2.845,2.159,1.578,0.932,0.904,0.23,0.036,-0.203,0
Honolulu,West,12/1/2008,0:00,3.005,2.126,1.49,0.893,0.855,0.22,-0.013,-0.252,0
Honolulu,West,1/1/2009,0:00,2.638,1.877,1.365,0.752,0.724,0.082,-0.124,-0.525,0
Honolulu,West,2/1/2009,0:00,2.444,1.696,1.313,0.633,0.638,-0.036,-0.157,-0.42,0
Honolulu,West,3/1/2009,0:00,2.077,1.614,1.286,0.653,0.648,0.01,-0.102,-0.374,0
Honolulu,West,4/1/2009,0:00,2.143,1.654,1.142,0.587,0.55,-0.042,-0.2,-0.476,0
Honolulu,West,5/1/2009,0:00,2.277,1.69,1.148,0.545,0.517,-0.115,-0.318,-0.613,0
Honolulu,West,6/1/2009,0:00,2.441,1.831,1.267,0.66,0.63,-0.006,-0.252,-0.535,0
Honolulu,West,7/1/2009,0:00,2.713,2.011,1.48,0.873,0.845,0.21,0.017,-0.243,0
Honolulu,West,8/1/2009,0:00,2.75,2.146,1.68,1.04,1.021,0.361,0.24,-0.013,0
Honolulu,West,9/1/2009,0:00,2.3,1.979,1.657,1.017,1.016,0.374,0.302,0.148,0
Honolulu,West,10/1/2009,0:00,2.267,1.89,1.513,0.925,0.906,0.299,0.148,-0.161,0
Honolulu,West,11/1/2009,0:00,2.28,1.808,1.29,0.742,0.704,0.118,-0.092,-0.367,0
Honolulu,West,12/1/2009,0:00,2.704,1.939,1.336,0.752,0.709,0.082,-0.098,-0.472,0
Honolulu,West,1/1/2010,0:00,2.458,1.86,1.391,0.706,0.689,-0.013,-0.167,-0.502,0
Honolulu,West,2/1/2010,0:00,2.041,1.575,1.165,0.548,0.535,-0.095,-0.22,-0.495,0
Honolulu,West,3/1/2010,0:00,1.926,1.582,1.231,0.581,0.578,-0.075,-0.19,-0.492,0
Honolulu,West,4/1/2010,0:00,2.044,1.641,1.162,0.551,0.523,-0.115,-0.285,-0.623,0
Honolulu,West,5/1/2010,0:00,2.297,1.811,1.237,0.66,0.62,0.003,-0.19,-0.512,0
Honolulu,West,6/1/2010,0:00,2.382,1.926,1.358,0.784,0.745,0.131,-0.075,-0.325,0
Honolulu,West,7/1/2010,0:00,2.795,2.189,1.683,1.053,1.04,0.397,0.184,-0.115,0
Honolulu,West,8/1/2010,0:00,2.717,2.166,1.729,1.047,1.032,0.335,0.148,-0.121,0
Honolulu,West,9/1/2010,0:00,2.69,2.238,1.815,1.119,1.112,0.41,0.263,-0.069,0
Honolulu,West,10/1/2010,0:00,2.628,2.211,1.742,1.07,1.053,0.364,0.213,-0.042,0
Honolulu,West,11/1/2010,0:00,2.694,2.136,1.611,0.942,0.924,0.236,0.026,-0.302,0
Honolulu,West,12/1/2010,0:00,2.805,2.254,1.644,1.011,0.984,0.325,0.086,-0.275,0
Honolulu,West,1/1/2011,0:00,2.569,2.054,1.575,0.896,0.888,0.2,0.04,-0.334,0
Honolulu,West,2/1/2011,0:00,2.238,1.749,1.391,0.745,0.733,0.076,-0.036,-0.259,0
Honolulu,West,3/1/2011,0:00,1.923,1.618,1.263,0.663,0.655,0.046,-0.062,-0.407,0
Honolulu,West,4/1/2011,0:00,2.474,1.795,1.408,0.82,0.806,0.204,0.043,-0.131,0
Honolulu,West,5/1/2011,0:00,2.484,1.864,1.332,0.755,0.73,0.128,-0.079,-0.397,0
Honolulu,West,6/1/2011,0:00,2.464,2.002,1.424,0.82,0.789,0.154,-0.075,-0.348,0
Honolulu,West,7/1/2011,0:00,2.638,2.198,1.654,1.001,0.973,0.292,0.118,-0.065,0
Honolulu,West,8/1/2011,0:00,2.458,2.103,1.7,1.007,0.998,0.295,0.138,0.013,0
Honolulu,West,9/1/2011,0:00,2.369,1.985,1.631,0.925,0.927,0.223,0.086,-0.292,0
Honolulu,West,10/1/2011,0:00,2.677,2.031,1.585,0.899,0.888,0.19,0.049,-0.387,0
Honolulu,West,11/1/2011,0:00,2.444,1.962,1.431,0.811,0.784,0.138,-0.052,-0.449,0
Honolulu,West,12/1/2011,0:00,2.267,1.713,1.178,0.62,0.594,0.01,-0.226,-0.561,0
Honolulu,West,1/1/2012,0:00,2.152,1.713,1.237,0.647,0.63,0.023,-0.177,-0.403,0
Honolulu,West,2/1/2012,0:00,2.136,1.726,1.362,0.729,0.727,0.092,-0.039,-0.348,0
Honolulu,West,3/1/2012,0:00,2.139,1.765,1.408,0.811,0.801,0.194,0.099,-0.229,0
Honolulu,West,4/1/2012,0:00,2.152,1.854,1.447,0.83,0.809,0.171,0.026,-0.371,0
Honolulu,West,5/1/2012,0:00,2.467,1.89,1.418,0.788,0.774,0.128,-0.069,-0.407,0
Honolulu,West,6/1/2012,0:00,2.451,1.923,1.372,0.781,0.756,0.141,-0.088,-0.489,0
Honolulu,West,7/1/2012,0:00,2.444,1.883,1.345,0.771,0.743,0.141,-0.072,-0.282,0
Honolulu,West,8/1/2012,0:00,2.297,1.762,1.378,0.771,0.756,0.135,0.01,-0.174,0
Honolulu,West,9/1/2012,0:00,2.1,1.837,1.565,0.965,0.952,0.338,0.24,-0.029,0
Honolulu,West,10/1/2012,0:00,2.444,1.916,1.523,0.942,0.932,0.341,0.194,-0.124,0
Honolulu,West,11/1/2012,0:00,2.631,2.1,1.631,1.057,1.025,0.42,0.23,-0.213,0
Honolulu,West,12/1/2012,0:00,2.664,2.152,1.605,1.004,0.98,0.355,0.148,-0.249,0
Honolulu,West,1/1/2013,0:00,2.658,1.897,1.401,0.811,0.791,0.181,-0.029,-0.292,0
Honolulu,West,2/1/2013,0:00,2.303,1.752,1.388,0.768,0.758,0.128,-0.023,-0.348,0
Honolulu,West,3/1/2013,0:00,2.067,1.746,1.385,0.788,0.776,0.168,0.056,-0.157,0
Honolulu,West,4/1/2013,0:00,2.077,1.588,1.178,0.568,0.558,-0.062,-0.197,-0.558,0
Honolulu,West,5/1/2013,0:00,2.543,1.88,1.411,0.774,0.756,0.102,-0.085,-0.308,0
Honolulu,West,6/1/2013,0:00,2.645,2.041,1.565,0.932,0.914,0.263,0.046,-0.249,0
Honolulu,West,7/1/2013,0:00,2.628,2.054,1.585,0.929,0.916,0.25,0.033,-0.331,0
Honolulu,West,8/1/2013,0:00,2.405,1.998,1.578,0.961,0.955,0.332,0.181,0.043,0
Honolulu,West,9/1/2013,0:00,2.415,2.041,1.71,1.109,1.101,0.492,0.397,0.184,0
Honolulu,West,10/1/2013,0:00,2.428,2.103,1.769,1.142,1.135,0.502,0.368,0.161,0
Honolulu,West,11/1/2013,0:00,2.454,2.018,1.565,0.981,0.965,0.364,0.171,-0.023,0
Honolulu,West,12/1/2013,0:00,2.53,1.956,1.431,0.843,0.82,0.21,-0.023,-0.351,0
Honolulu,West,1/1/2014,0:00,2.618,1.956,1.44,0.84,0.815,0.19,-0.019,-0.367,0
Honolulu,West,2/1/2014,0:00,2.195,1.713,1.368,0.781,0.774,0.181,0.043,-0.213,0
Honolulu,West,3/1/2014,0:00,1.952,1.68,1.375,0.761,0.756,0.138,0.026,-0.187,0
Honolulu,West,4/1/2014,0:00,2.129,1.719,1.336,0.712,0.697,0.059,-0.079,-0.328,0
Honolulu,West,5/1/2014,0:00,2.136,1.696,1.188,0.643,0.609,0.03,-0.154,-0.321,0
Honolulu,West,6/1/2014,0:00,2.753,2.169,1.67,1.057,1.035,0.4,0.207,-0.01,0
Honolulu,West,7/1/2014,0:00,2.586,2.008,1.565,0.978,0.971,0.377,0.181,-0.102,0
Honolulu,West,8/1/2014,0:00,2.638,2.087,1.729,1.126,1.114,0.499,0.371,0.026,0
Honolulu,West,9/1/2014,0:00,2.838,2.339,2.008,1.349,1.339,0.669,0.561,0.348,0
Honolulu,West,10/1/2014,0:00,2.599,2.3,1.9,1.224,1.206,0.512,0.391,0.125,0
Honolulu,West,11/1/2014,0:00,2.556,1.988,1.559,0.978,0.957,0.355,0.177,-0.069,0
Honolulu,West,12/1/2014,0:00,2.612,1.965,1.5,0.922,0.899,0.299,0.079,-0.164,0
Honolulu,West,1/1/2015,0:00,2.52,1.854,1.372,0.774,0.755,0.138,-0.069,-0.436,0
Honolulu,West,2/1/2015,0:00,2.431,1.969,1.588,1.007,0.991,0.394,0.24,-0.036,0
Honolulu,West,3/1/2015,0:00,2.146,1.847,1.539,0.929,0.922,0.305,0.217,-0.164,0
Honolulu,West,4/1/2015,0:00,2.336,1.824,1.516,0.909,0.893,0.269,0.154,-0.164,0
Honolulu,West,5/1/2015,0:00,2.477,2.038,1.618,1.001,0.978,0.338,0.145,-0.115,0
Honolulu,West,6/1/2015,0:00,2.569,2.106,1.598,0.998,0.968,0.338,0.108,-0.124,0
Honolulu,West,7/1/2015,0:00,2.526,1.851,1.385,0.797,0.783,0.181,-0.019,-0.226,0
Honolulu,West,8/1/2015,0:00,2.438,1.89,1.483,0.909,0.898,0.312,0.174,-0.049,0
Honolulu,West,9/1/2015,0:00,2.277,1.936,1.647,1.034,1.037,0.427,0.302,0.043,0
Honolulu,West,10/1/2015,0:00,2.487,2.09,1.719,1.086,1.073,0.427,0.305,0.053,0
Honolulu,West,11/1/2015,0:00,2.517,1.946,1.496,0.939,0.917,0.338,0.164,-0.134,0
Honolulu,West,12/1/2015,0:00,2.53,1.988,1.486,0.916,0.904,0.322,0.112,-0.223,0
Honolulu,West,1/1/2016,0:00,2.681,2.116,1.664,1.04,1.027,0.391,0.187,-0.095,0
Honolulu,West,2/1/2016,0:00,2.72,2.159,1.782,1.093,1.089,0.397,0.23,0.007,0
Honolulu,West,3/1/2016,0:00,2.31,1.782,1.431,0.843,0.825,0.22,0.128,-0.443,0
Honolulu,West,4/1/2016,0:00,2.385,2.051,1.713,1.06,1.044,0.377,0.246,-0.357,0
Honolulu,West,5/1/2016,0:00,2.766,2.143,1.723,1.05,1.039,0.355,0.161,-0.164,0
Honolulu,West,6/1/2016,0:00,3.005,2.313,1.805,1.126,1.109,0.414,0.171,-0.029,0
Honolulu,West,7/1/2016,0:00,2.969,2.264,1.739,1.139,1.116,0.492,0.279,0.04,0
Honolulu,West,8/1/2016,0:00,2.69,2.241,1.828,1.158,1.139,0.453,0.289,0.036,0
Honolulu,West,9/1/2016,0:00,2.628,2.32,1.988,1.329,1.322,0.656,0.571,0.273,0
Honolulu,West,10/1/2016,0:00,2.861,2.316,1.982,1.326,1.317,0.653,0.512,0.148,0
Honolulu,West,11/1/2016,0:00,2.881,2.297,1.824,1.139,1.119,0.414,0.223,-0.105,0
Honolulu,West,12/1/2016,0:00,2.897,2.392,1.844,1.103,1.091,0.338,0.118,-0.226,0
Honolulu,West,1/1/2017,0:00,2.805,2.156,1.664,0.968,0.957,0.25,0.063,-0.2,0
Honolulu,West,2/1/2017,0:00,2.763,2.162,1.762,1.096,1.088,0.414,0.25,-0.046,0
Honolulu,West,3/1/2017,0:00,2.52,2.12,1.815,1.148,1.135,0.456,0.348,0.174,0
Honolulu,West,4/1/2017,0:00,3.078,2.389,2.018,1.385,1.368,0.719,0.584,0.269,0
Honolulu,West,5/1/2017,0:00,3.081,2.54,2.061,1.358,1.339,0.617,0.443,-0.069,0
Honolulu,West,6/1/2017,0:00,3.147,2.405,1.89,1.168,1.153,0.417,0.22,-0.092,0
Honolulu,West,7/1/2017,0:00,2.861,2.271,1.788,1.152,1.139,0.489,0.253,-0.075,0
Honolulu,West,8/1/2017,0:00,3.294,2.638,2.218,1.588,1.568,0.919,0.729,0.515,0
Honolulu,West,9/1/2017,0:00,2.756,2.451,2.097,1.401,1.386,0.676,0.574,0.325,0
Honolulu,West,10/1/2017,0:00,2.733,2.353,1.988,1.319,1.308,0.627,0.519,0.204,0
Honolulu,West,11/1/2017,0:00,2.917,2.336,1.91,1.244,1.231,0.551,0.387,0.158,0
Honolulu,West,12/1/2017,0:00,2.969,2.362,1.828,1.198,1.176,0.525,0.295,-0.17,0
Honolulu,West,1/1/2018,0:00,3.019,2.395,1.857,1.155,1.137,0.417,0.23,-0.167,0
Honolulu,West,2/1/2018,0:00,2.822,1.972,1.536,0.975,0.96,0.384,0.256,-0.059,0
Honolulu,West,3/1/2018,0:00,2.202,1.742,1.447,0.889,0.876,0.305,0.227,-0.105,0
Honolulu,West,4/1/2018,0:00,2.08,1.788,1.45,0.883,0.871,0.292,0.174,-0.075,0
Honolulu,West,5/1/2018,0:00,2.389,1.887,1.457,0.827,0.809,0.161,-0.006,-0.226,0
Honolulu,West,6/1/2018,0:00,2.874,2.149,1.634,1.007,0.984,0.335,0.125,-0.108,0
Honolulu,West,7/1/2018,0:00,2.963,2.284,1.755,1.119,1.098,0.44,0.253,-0.046,0
Honolulu,West,8/1/2018,0:00,2.94,2.356,1.91,1.283,1.27,0.63,0.46,0.19,0
Honolulu,West,9/1/2018,0:00,2.868,2.277,1.906,1.283,1.272,0.637,0.538,0.204,0
Honolulu,West,10/1/2018,0:00,2.53,2.179,1.828,1.194,1.194,0.561,0.463,0.204,0
Honolulu,West,11/1/2018,0:00,2.53,2.024,1.618,1.017,1.011,0.404,0.233,-0.062,0
Honolulu,West,12/1/2018,0:00,2.743,2.008,1.5,0.886,0.87,0.24,0.033,-0.239,0
Honolulu,West,1/1/2019,0:00,2.75,2.077,1.509,0.942,0.902,0.295,0.089,-0.269,0
Honolulu,West,2/1/2019,0:00,2.431,1.837,1.391,0.781,0.766,0.141,0.007,-0.433,0
Honolulu,West,3/1/2019,0:00,2.169,1.769,1.372,0.752,0.737,0.102,0,-0.233,0
Honolulu,West,4/1/2019,0:00,2.29,1.903,1.519,0.886,0.871,0.223,0.092,-0.252,0
Honolulu,West,5/1/2019,0:00,2.559,2.021,1.582,0.971,0.945,0.309,0.115,-0.049,0
Honolulu,West,6/1/2019,0:00,2.408,1.962,1.411,0.85,0.819,0.227,-0.006,-0.223,0
Honolulu,West,7/1/2019,0:00,3.019,2.376,1.818,1.165,1.139,0.46,0.227,-0.147,0
Honolulu,West,8/1/2019,0:00,3.166,2.523,2.031,1.342,1.336,0.64,0.466,0.145,0
Honolulu,West,9/1/2019,0:00,2.651,2.202,1.854,1.217,1.211,0.568,0.466,0.069,0
Honolulu,West,10/1/2019,0:00,2.815,2.346,1.939,1.293,1.268,0.597,0.482,0.164,0
Honolulu,West,11/1/2019,0:00,2.773,2.405,1.929,1.349,1.317,0.706,0.512,0.131,0
Honolulu,West,12/1/2019,0:00,3.317,2.582,2.015,1.411,1.383,0.752,0.528,0.273,0
Honolulu,West,1/1/2020,0:00,2.986,2.234,1.716,1.08,1.065,0.414,0.2,-0.144,0
Honolulu,West,2/1/2020,0:00,2.75,1.998,1.562,0.916,0.901,0.24,0.086,-0.141,0
Honolulu,West,3/1/2020,0:00,2.385,2.074,1.703,1.073,1.055,0.407,0.279,-0.059,0
Honolulu,West,4/1/2020,0:00,2.625,2.192,1.762,1.106,1.083,0.404,0.266,0,0
Honolulu,West,5/1/2020,0:00,2.723,2.28,1.805,1.175,1.15,0.496,0.302,-0.105,0
Honolulu,West,6/1/2020,0:00,3.015,2.543,2.002,1.365,1.349,0.696,0.453,0.158,0
Honolulu,West,7/1/2020,0:00,3.235,2.733,2.152,1.549,1.524,0.896,0.643,0.433,0
Honolulu,West,8/1/2020,0:00,3.042,2.658,2.129,1.477,1.455,0.781,0.604,0.325,0
Honolulu,West,9/1/2020,0:00,3.012,2.599,2.231,1.519,1.519,0.807,0.732,0.453,0
Honolulu,West,10/1/2020,0:00,3.189,2.648,2.254,1.562,1.542,0.83,0.699,0.295,0
Honolulu,West,11/1/2020,0:00,3.179,2.599,2.077,1.418,1.395,0.712,0.502,0.086,0
Honolulu,West,12/1/2020,0:00,3.363,2.586,1.979,1.316,1.288,0.597,0.374,0.092,0
Honolulu,West,1/1/2021,0:00,2.956,2.408,1.808,1.168,1.144,0.479,0.25,0.01,0
Honolulu,West,2/1/2021,0:00,2.858,2.316,1.864,1.201,1.194,0.525,0.387,0.056,0
Honolulu,West,3/1/2021,0:00,2.412,2.057,1.723,1.073,1.07,0.417,0.302,0.01,0
Honolulu,West,4/1/2021,0:00,2.628,2.044,1.624,0.978,0.965,0.305,0.138,-0.256,0
Honolulu,West,5/1/2021,0:00,2.684,2.152,1.605,0.965,0.937,0.269,0.082,-0.351,0
Honolulu,West,6/1/2021,0:00,2.832,2.244,1.647,1.053,1.021,0.394,0.161,-0.187,0
Honolulu,West,7/1/2021,0:00,2.743,2.169,1.608,0.984,0.961,0.315,0.086,-0.21,0
Honolulu,West,8/1/2021,0:00,2.894,2.336,1.854,1.211,1.194,0.535,0.384,0.204,0
Honolulu,West,9/1/2021,0:00,2.52,2.106,1.746,1.119,1.114,0.482,0.397,0.19,0
Honolulu,West,10/1/2021,0:00,2.241,2.051,1.634,1.03,1.016,0.397,0.266,0.01,0
Honolulu,West,11/1/2021,0:00,2.773,2.192,1.673,1.034,1.004,0.338,0.154,-0.121,0
Honolulu,West,12/1/2021,0:00,3.225,2.29,1.657,1.05,1.017,0.377,0.102,-0.108,0
Honolulu,West,1/1/2022,0:00,2.963,2.221,1.585,0.961,0.93,0.276,0.095,-0.174,0
Honolulu,West,2/1/2022,0:00,2.69,2.028,1.562,0.968,0.939,0.315,0.187,-0.088,0
Honolulu,West,3/1/2022,0:00,2.33,1.831,1.503,0.873,0.865,0.227,0.148,-0.039,0
Honolulu,West,4/1/2022,0:00,2.307,1.89,1.568,0.922,0.927,0.286,0.135,-0.164,0
Honolulu,West,5/1/2022,0:00,2.51,2.018,1.536,0.929,0.927,0.318,0.135,-0.203,0
Honolulu,West,6/1/2022,0:00,2.553,1.988,1.46,0.853,0.834,0.207,0.03,-0.38,0
Honolulu,West,7/1/2022,0:00,2.648,1.995,1.477,0.883,0.85,0.223,0.076,-0.226,0
Honolulu,West,8/1/2022,0:00,2.592,2.018,1.611,1.014,1.006,0.4,0.302,-0.052,0
Honolulu,West,9/1/2022,0:00,2.723,2.166,1.831,1.155,1.155,0.479,0.397,0.197,0
Honolulu,West,10/1/2022,0:00,2.684,2.267,1.857,1.168,1.173,0.489,0.355,0.072,0
Honolulu,West,11/1/2022,0:00,2.54,2.097,1.591,0.939,0.929,0.266,0.082,-0.229,0
Honolulu,West,12/1/2022,0:00,2.838,2.116,1.555,0.939,0.914,0.273,0.056,-0.259,0
Honolulu,West,1/1/2023,0:00,2.763,2.034,1.496,0.889,0.858,0.22,0.04,-0.236,0
Honolulu,West,2/1/2023,0:00,2.336,1.841,1.404,0.791,0.773,0.141,0.017,-0.21,0
Honolulu,West,3/1/2023,0:00,2.106,1.749,1.421,0.771,0.788,0.154,0.079,-0.144,0
Honolulu,West,4/1/2023,0:00,2.172,1.719,1.326,0.745,0.73,0.135,-0.01,-0.2,0
Honolulu,West,5/1/2023,0:00,2.316,1.9,1.372,0.748,0.729,0.086,-0.108,-0.311,0
Honolulu,West,6/1/2023,0:00,2.336,1.919,1.322,0.683,0.656,-0.013,-0.246,-0.515,0
Honolulu,West,7/1/2023,0:00,2.881,2.29,1.693,1.08,1.042,0.391,0.171,-0.328,0
Honolulu,West,8/1/2023,0:00,2.973,2.517,1.985,1.293,1.27,0.558,0.384,0.086,0