City,Region,Date,Time (GMT),Highest,MHHW (ft),MHW (ft),MSL (ft),MTL (ft),MLW (ft),MLLW (ft),Lowest (ft),Inf
Seattle,West,1/1/1923,0:00,13.263,11.553,10.573,6.711,6.711,2.863,-0.097,-2.039,0
Seattle,West,2/1/1923,0:00,11.462,10.313,9.693,5.891,5.861,2.042,-0.326,-2.639,0
Seattle,West,3/1/1923,0:00,11.964,9.752,9.342,5.523,5.481,1.622,-0.198,-1.937,0
Seattle,West,4/1/1923,0:00,11.964,10.563,9.893,6.032,5.983,2.072,0.192,-1.639,0
Seattle,West,5/1/1923,0:00,11.962,10.622,9.762,5.871,5.832,1.901,-0.379,-3.538,0
Seattle,West,6/1/1923,0:00,11.662,10.973,9.982,6.061,6.052,2.131,-0.487,-3.437,0
Seattle,West,7/1/1923,0:00,11.462,10.723,9.841,5.943,5.953,2.062,-0.579,-2.938,0
Seattle,West,8/1/1923,0:00,11.763,10.533,9.861,5.983,5.973,2.072,-0.317,-2.338,0
Seattle,West,9/1/1923,0:00,11.563,10.271,9.884,6.012,5.983,2.082,0.094,-1.137,0
Seattle,West,10/1/1923,0:00,11.862,10.632,9.972,6.134,6.091,2.223,0.202,-1.937,0
Seattle,West,11/1/1923,0:00,11.862,11.042,10.08,6.202,6.173,2.252,-0.307,-3.138,0
Seattle,West,12/1/1923,0:00,12.961,11.422,10.323,6.393,6.393,2.462,-0.737,-4.139,0
Seattle,West,1/1/1924,0:00,12.361,11.002,10.103,6.153,6.153,2.203,-1.019,-3.637,0
Seattle,West,2/1/1924,0:00,12.062,10.933,10.303,6.442,6.442,2.571,0.021,-2.338,0
Seattle,West,3/1/1924,0:00,11.163,10.002,9.592,5.773,5.743,1.891,-0.169,-1.439,0
Seattle,West,4/1/1924,0:00,10.963,10.241,9.513,5.681,5.622,1.731,-0.208,-3.036,0
Seattle,West,5/1/1924,0:00,11.462,10.671,9.611,5.753,5.714,1.813,-0.668,-4.037,0
Seattle,West,6/1/1924,0:00,11.462,10.802,9.674,5.802,5.802,1.931,-0.858,-4.139,0
Seattle,West,7/1/1924,0:00,11.363,10.661,9.651,5.763,5.773,1.891,-0.917,-4.037,0
Seattle,West,8/1/1924,0:00,11.763,10.061,9.342,5.49,5.481,1.613,-0.717,-3.538,0
Seattle,West,9/1/1924,0:00,11.163,10.172,9.742,5.881,5.851,1.964,0.103,-1.937,0
Seattle,West,10/1/1924,0:00,12.961,10.773,10.162,6.33,6.281,2.393,0.471,-2.039,0
Seattle,West,11/1/1924,0:00,12.16,11.081,10.143,6.291,6.281,2.413,-0.107,-3.837,0
Seattle,West,12/1/1924,0:00,12.662,11.143,10.061,6.134,6.143,2.233,-0.897,-4.637,0
Seattle,West,1/1/1925,0:00,12.361,11.271,10.221,6.353,6.363,2.502,-0.477,-3.538,0
Seattle,West,2/1/1925,0:00,12.462,11.271,10.632,6.793,6.813,2.99,0.402,-1.839,0
Seattle,West,3/1/1925,0:00,11.261,10.303,9.802,6.081,6.052,2.311,0.212,-1.537,0
Seattle,West,4/1/1925,0:00,11.563,10.504,9.742,5.983,5.973,2.203,0.031,-2.039,0
Seattle,West,5/1/1925,0:00,11.662,10.851,9.752,6.032,6.012,2.262,-0.139,-3.138,0
Seattle,West,6/1/1925,0:00,11.862,10.992,9.903,6.052,6.052,2.213,-0.559,-3.637,0
Seattle,West,7/1/1925,0:00,12.361,11.111,10.021,6.042,6.111,2.203,-0.687,-3.637,0
Seattle,West,8/1/1925,0:00,NaN,10.573,9.903,6.012,6.012,2.121,-0.267,NaN,0
Seattle,West,9/1/1925,0:00,NaN,10.251,9.851,5.963,5.963,2.072,0.153,NaN,0
Seattle,West,10/1/1925,0:00,11.363,10.523,9.851,5.933,5.871,1.882,-0.097,-1.937,0
Seattle,West,11/1/1925,0:00,12.062,11.012,10.041,6.222,6.183,2.321,-0.507,-2.84,0
Seattle,West,12/1/1925,0:00,12.761,11.432,10.303,6.452,6.471,2.633,-0.789,-3.338,0
Seattle,West,1/1/1926,0:00,12.961,11.344,10.363,6.511,6.593,2.823,-0.559,-3.437,0
Seattle,West,2/1/1926,0:00,12.462,11.393,10.602,6.783,6.823,3.053,0.333,-2.84,0
Seattle,West,3/1/1926,0:00,11.763,10.402,9.782,6.052,6.012,2.242,0.271,-2.137,0
Seattle,West,4/1/1926,0:00,11.563,10.671,9.923,6.12,6.091,2.262,0.113,-2.039,0
Seattle,West,5/1/1926,0:00,11.662,10.91,9.913,6.061,6.061,2.223,-0.599,-3.538,0
Seattle,West,6/1/1926,0:00,11.563,10.792,9.703,5.782,5.802,1.891,-1.179,-4.037,0
Seattle,West,7/1/1926,0:00,11.662,10.743,9.742,5.842,5.851,1.95,-0.947,-3.837,0
Seattle,West,8/1/1926,0:00,11.662,10.441,9.811,5.963,5.983,2.141,-0.609,-3.437,0
Seattle,West,9/1/1926,0:00,11.462,10.303,9.821,5.963,5.963,2.101,-0.248,-1.937,0
Seattle,West,10/1/1926,0:00,11.763,10.802,9.962,6.212,6.193,2.423,0.221,-2.039,0
Seattle,West,11/1/1926,0:00,12.761,11.481,10.313,6.553,6.501,2.692,-0.238,-2.84,0
Seattle,West,12/1/1926,0:00,12.16,11.193,10.08,6.281,6.321,2.551,-0.779,-3.437,0
Seattle,West,1/1/1927,0:00,12.462,11.462,10.523,6.642,6.711,2.892,-0.746,-3.338,0
Seattle,West,2/1/1927,0:00,13.063,11.363,10.592,6.731,6.793,2.99,-0.008,-2.338,0
Seattle,West,3/1/1927,0:00,11.964,10.504,9.831,6.022,6.012,2.203,-0.307,-2.439,0
Seattle,West,4/1/1927,0:00,12.062,10.651,9.811,5.992,5.953,2.082,-0.008,-1.737,0
Seattle,West,5/1/1927,0:00,11.763,10.851,9.831,5.901,5.891,1.964,-0.868,-4.139,0
Seattle,West,6/1/1927,0:00,11.763,11.002,9.923,6.061,6.052,2.193,-0.999,-4.037,0
Seattle,West,7/1/1927,0:00,11.563,10.753,9.802,5.924,5.973,2.151,-1.219,-3.237,0
Seattle,West,8/1/1927,0:00,11.763,10.632,9.87,6.032,6.052,2.242,-0.408,-3.138,0
Seattle,West,9/1/1927,0:00,11.662,10.372,9.893,6.091,6.101,2.311,0.123,-2.039,0
Seattle,West,10/1/1927,0:00,11.862,10.733,10.011,6.261,6.261,2.511,-0.038,-2.338,0
Seattle,West,11/1/1927,0:00,12.361,11.481,10.333,6.521,6.531,2.731,-0.326,-3.939,0
Seattle,West,12/1/1927,0:00,12.662,11.373,10.08,6.202,6.252,2.433,-0.907,-3.637,0
Seattle,West,1/1/1928,0:00,12.262,11.412,10.363,6.412,6.501,2.633,-0.878,-3.837,0
Seattle,West,2/1/1928,0:00,11.964,10.681,10.002,6.153,6.202,2.403,-0.789,-2.439,0
Seattle,West,3/1/1928,0:00,12.561,10.842,10.123,6.363,6.383,2.643,-0.057,-1.639,0
Seattle,West,4/1/1928,0:00,11.964,10.983,10.061,6.291,6.281,2.511,0.143,-2.84,0
Seattle,West,5/1/1928,0:00,11.662,10.723,9.713,5.963,5.963,2.223,-0.569,-4.139,0
Seattle,West,6/1/1928,0:00,11.763,10.881,9.762,6.002,6.032,2.302,-1.068,-4.637,0
Seattle,West,7/1/1928,0:00,11.261,10.822,9.861,5.992,6.061,2.272,-1.147,-4.237,0
Seattle,West,8/1/1928,0:00,11.462,10.602,9.923,6.052,6.081,2.242,-0.947,-3.237,0
Seattle,West,9/1/1928,0:00,11.363,10.333,9.821,5.924,5.91,2.003,-0.238,-1.839,0
Seattle,West,10/1/1928,0:00,11.964,10.602,9.802,5.973,5.973,2.141,-0.448,-2.338,0
Seattle,West,11/1/1928,0:00,12.462,11.202,10.162,6.222,6.291,2.433,-0.779,-4.139,0
Seattle,West,12/1/1928,0:00,13.263,11.491,10.231,6.311,6.422,2.613,-1.288,-4.437,0
Seattle,West,1/1/1929,0:00,12.561,10.943,9.861,5.973,6.032,2.193,-1.298,-4.139,0
Seattle,West,2/1/1929,0:00,11.261,10.353,9.601,5.733,5.782,1.964,-1.179,-3.338,0
Seattle,West,3/1/1929,0:00,11.462,10.202,9.592,5.851,5.871,2.151,-0.428,-1.737,0
Seattle,West,4/1/1929,0:00,11.662,10.641,9.742,6.032,6.061,2.37,-0.248,-2.137,0
Seattle,West,5/1/1929,0:00,11.462,10.723,9.513,5.802,5.812,2.121,-0.848,-4.237,0
Seattle,West,6/1/1929,0:00,12.062,11.242,10.021,6.232,6.271,2.531,-0.697,-4.539,0
Seattle,West,7/1/1929,0:00,11.763,10.924,9.87,6.042,6.101,2.341,-1.029,-4.939,0
Seattle,West,8/1/1929,0:00,11.462,10.592,9.87,6.052,6.101,2.341,-0.887,-3.939,0
Seattle,West,9/1/1929,0:00,11.363,10.422,9.841,5.943,5.963,2.092,-0.517,-2.639,0
Seattle,West,10/1/1929,0:00,11.363,10.924,9.884,6.022,5.992,2.101,-0.317,-2.538,0
Seattle,West,11/1/1929,0:00,11.061,10.441,9.45,5.573,5.612,1.773,-1.439,-4.739,0
Seattle,West,12/1/1929,0:00,11.964,11.222,10.061,6.173,6.252,2.443,-1.337,-4.939,0
Seattle,West,1/1/1930,0:00,12.062,10.973,9.913,6.042,6.134,2.351,-1.527,-4.838,0
Seattle,West,2/1/1930,0:00,12.462,11.222,10.313,6.481,6.521,2.721,-0.418,-3.939,0
Seattle,West,3/1/1930,0:00,11.462,10.523,9.821,6.081,6.081,2.341,-0.077,-2.538,0
Seattle,West,4/1/1930,0:00,11.763,10.832,9.972,6.252,6.222,2.462,-0.13,-2.338,0
Seattle,West,5/1/1930,0:00,11.964,10.91,9.693,5.983,5.963,2.223,-1.097,-3.637,0
Seattle,West,6/1/1930,0:00,11.662,11.071,9.903,5.992,6.081,2.272,-1.288,-4.539,0
Seattle,West,7/1/1930,0:00,11.862,11.032,9.923,5.963,6.061,2.213,-1.078,-4.437,0
Seattle,West,8/1/1930,0:00,11.964,10.792,9.992,6.163,6.242,2.492,-0.589,-3.138,0
Seattle,West,9/1/1930,0:00,12.062,10.592,9.972,6.183,6.222,2.462,-0.297,-1.937,0
Seattle,West,10/1/1930,0:00,11.662,10.723,9.913,6.153,6.173,2.423,-0.277,-2.137,0
Seattle,West,11/1/1930,0:00,12.863,11.091,9.952,6.202,6.202,2.443,-0.697,-4.037,0
Seattle,West,12/1/1930,0:00,12.561,11.261,10.031,6.252,6.261,2.502,-1.258,-3.837,0
Seattle,West,1/1/1931,0:00,12.561,11.501,10.533,6.563,6.711,2.892,-1.117,-3.237,0
Seattle,West,2/1/1931,0:00,12.462,10.933,10.251,6.403,6.491,2.731,-0.497,-4.037,0
Seattle,West,3/1/1931,0:00,11.462,10.573,9.841,6.032,6.101,2.361,-0.448,-3.138,0
Seattle,West,4/1/1931,0:00,11.862,10.7,9.792,6.022,6.081,2.37,-0.067,-2.239,0
Seattle,West,5/1/1931,0:00,11.563,10.901,9.861,6.012,6.052,2.242,-0.989,-3.538,0
Seattle,West,6/1/1931,0:00,11.662,11.081,9.952,6.134,6.222,2.502,-1.127,-3.739,0
Seattle,West,7/1/1931,0:00,11.862,10.802,9.811,5.953,6.022,2.233,-1.258,-3.739,0
Seattle,West,8/1/1931,0:00,11.763,10.602,9.782,5.943,6.032,2.282,-0.609,-3.237,0
Seattle,West,9/1/1931,0:00,11.763,10.402,9.802,6.032,6.081,2.351,-0.238,-2.039,0
Seattle,West,10/1/1931,0:00,11.763,10.563,9.821,6.071,6.111,2.403,-0.527,-2.938,0
Seattle,West,11/1/1931,0:00,12.16,10.983,9.903,6.091,6.153,2.403,-1.097,-4.037,0
Seattle,West,12/1/1931,0:00,12.961,11.773,10.553,6.701,6.783,3.004,-0.746,-3.739,0
Seattle,West,1/1/1932,0:00,12.761,11.281,10.231,6.281,6.412,2.594,-1.117,-4.237,0
Seattle,West,2/1/1932,0:00,12.561,10.924,10.172,6.301,6.403,2.633,-0.687,-2.538,0
Seattle,West,3/1/1932,0:00,12.361,10.782,9.992,6.212,6.311,2.623,-0.228,-2.439,0
Seattle,West,4/1/1932,0:00,12.462,11.111,10.182,6.481,6.491,2.803,0.241,-3.138,0
Seattle,West,5/1/1932,0:00,12.062,10.973,9.893,6.163,6.193,2.502,-0.517,-3.939,0
Seattle,West,6/1/1932,0:00,11.563,10.842,9.713,5.943,6.012,2.321,-1.219,-4.539,0
Seattle,West,7/1/1932,0:00,11.862,10.802,9.851,6.042,6.163,2.472,-1.088,-3.739,0
Seattle,West,8/1/1932,0:00,11.964,10.563,9.903,6.061,6.134,2.361,-0.677,-2.84,0
Seattle,West,9/1/1932,0:00,11.462,10.271,9.723,5.881,5.91,2.092,-0.287,-1.537,0
Seattle,West,10/1/1932,0:00,11.563,10.691,9.913,6.052,6.101,2.292,-0.589,-3.837,0
Seattle,West,11/1/1932,0:00,12.863,11.321,10.271,6.403,6.491,2.702,-0.927,-3.837,0
Seattle,West,12/1/1932,0:00,13.561,11.553,10.303,6.393,6.491,2.682,-1.317,-4.739,0
Seattle,West,1/1/1933,0:00,12.761,11.553,10.422,6.603,6.672,2.931,-0.628,-3.138,0
Seattle,West,2/1/1933,0:00,11.964,10.7,9.952,6.111,6.212,2.472,-0.677,-2.538,0
Seattle,West,3/1/1933,0:00,12.262,10.714,10.143,6.422,6.491,2.833,0.172,-1.239,0
Seattle,West,4/1/1933,0:00,11.261,10.431,9.582,5.851,5.91,2.233,-0.609,-3.637,0
Seattle,West,5/1/1933,0:00,11.763,10.933,9.841,6.173,6.232,2.613,-0.559,-4.437,0
Seattle,West,6/1/1933,0:00,11.964,11.081,9.913,6.101,6.173,2.443,-0.828,-4.339,0
Seattle,West,7/1/1933,0:00,11.662,10.812,9.831,5.983,6.071,2.311,-1.038,-4.539,0
Seattle,West,8/1/1933,0:00,11.462,10.441,9.861,5.983,6.081,2.302,-0.838,-3.538,0
Seattle,West,9/1/1933,0:00,12.462,10.632,10.021,6.202,6.242,2.462,-0.179,-2.538,0
Seattle,West,10/1/1933,0:00,12.262,10.513,9.733,5.901,5.91,2.092,-0.448,-3.437,0
Seattle,West,11/1/1933,0:00,11.862,10.753,9.733,5.924,5.973,2.213,-1.278,-4.539,0
Seattle,West,12/1/1933,0:00,13.962,12.052,10.91,7.052,7.193,3.473,-0.559,-4.037,0
Seattle,West,1/1/1934,0:00,12.863,11.471,10.431,6.622,6.731,3.033,-0.727,-3.939,0
Seattle,West,2/1/1934,0:00,11.964,11.022,10.202,6.462,6.531,2.872,-0.189,-3.237,0
Seattle,West,3/1/1934,0:00,11.563,10.681,10.011,6.301,6.33,2.662,0.271,-1.239,0
Seattle,West,4/1/1934,0:00,11.462,10.573,9.782,6.061,6.091,2.403,-0.297,-2.338,0
Seattle,West,5/1/1934,0:00,11.862,11.022,10.051,6.222,6.252,2.443,-0.838,-3.939,0
Seattle,West,6/1/1934,0:00,11.862,10.861,9.841,5.963,6.032,2.233,-1.288,-4.437,0
Seattle,West,7/1/1934,0:00,11.763,10.891,9.884,5.973,6.032,2.193,-0.956,-4.139,0
Seattle,West,8/1/1934,0:00,11.862,10.451,9.782,5.933,6.012,2.242,-0.638,-2.938,0
Seattle,West,9/1/1934,0:00,11.862,10.251,9.742,5.953,5.992,2.252,-0.487,-1.537,0
Seattle,West,10/1/1934,0:00,11.964,10.622,9.87,6.153,6.163,2.452,-0.267,-2.338,0
Seattle,West,11/1/1934,0:00,12.462,11.563,10.471,6.731,6.763,3.053,-0.087,-2.938,0
Seattle,West,12/1/1934,0:00,12.761,11.344,10.202,6.403,6.481,2.761,-0.887,-4.139,0
Seattle,West,1/1/1935,0:00,12.761,11.593,10.681,6.823,6.931,3.191,-0.487,-3.138,0
Seattle,West,2/1/1935,0:00,12.561,11.061,10.353,6.481,6.573,2.794,-0.208,-3.338,0
Seattle,West,3/1/1935,0:00,12.863,11.071,10.313,6.521,6.563,2.813,0.303,-1.537,0
Seattle,West,4/1/1935,0:00,12.062,10.671,9.913,6.091,6.101,2.292,-0.087,-2.338,0
Seattle,West,5/1/1935,0:00,11.563,10.681,9.723,5.822,5.871,2.013,-1.179,-3.538,0
Seattle,West,6/1/1935,0:00,11.563,10.832,9.792,5.933,6.012,2.242,-1.199,-3.739,0
Seattle,West,7/1/1935,0:00,12.16,10.924,10.002,6.091,6.134,2.262,-0.969,-3.739,0
Seattle,West,8/1/1935,0:00,12.062,10.592,9.903,6.022,6.071,2.252,-0.34,-2.84,0
Seattle,West,9/1/1935,0:00,12.662,10.441,9.913,6.061,6.111,2.302,0.071,-1.537,0
Seattle,West,10/1/1935,0:00,12.361,10.471,9.811,6.042,6.032,2.262,-0.507,-2.338,0
Seattle,West,11/1/1935,0:00,11.763,10.773,9.772,5.924,5.933,2.092,-1.288,-3.739,0
Seattle,West,12/1/1935,0:00,13.263,11.603,10.461,6.511,6.563,2.662,-0.927,-3.338,0
Seattle,West,1/1/1936,0:00,13.161,11.544,10.582,6.603,6.711,2.843,-0.517,-3.237,0
Seattle,West,2/1/1936,0:00,12.662,10.992,10.343,6.471,6.553,2.751,-0.149,-1.737,0
Seattle,West,3/1/1936,0:00,11.862,10.382,9.723,6.002,6.012,2.311,-0.13,-2.439,0
Seattle,West,4/1/1936,0:00,11.763,10.441,9.621,5.851,5.842,2.062,-0.326,-3.437,0
Seattle,West,5/1/1936,0:00,11.563,10.901,9.903,6.173,6.183,2.452,-0.389,-4.237,0
Seattle,West,6/1/1936,0:00,11.964,11.153,10.133,6.311,6.373,2.613,-0.618,-3.138,0
Seattle,West,7/1/1936,0:00,12.062,10.743,9.87,6.061,6.134,2.393,-0.789,-3.237,0
Seattle,West,8/1/1936,0:00,11.563,10.513,9.884,6.002,6.032,2.174,-0.527,-2.538,0
Seattle,West,9/1/1936,0:00,11.964,10.202,9.752,5.891,5.851,1.95,-0.149,-1.537,0
Seattle,West,10/1/1936,0:00,11.862,10.471,9.802,5.871,5.822,1.842,-0.746,-3.739,0
Seattle,West,11/1/1936,0:00,11.563,10.681,9.733,5.802,5.851,1.973,-1.357,-4.838,0
Seattle,West,12/1/1936,0:00,12.361,11.393,10.261,6.291,6.321,2.384,-1.317,-4.437,0
Seattle,West,1/1/1937,0:00,12.16,10.822,9.861,5.943,5.973,2.082,-1.019,-3.036,0
Seattle,West,2/1/1937,0:00,13.463,11.143,10.431,6.521,6.573,2.712,0.041,-1.839,0
Seattle,West,3/1/1937,0:00,11.964,10.641,10.133,6.311,6.301,2.482,0.261,-1.537,0
Seattle,West,4/1/1937,0:00,13.161,10.773,10.021,6.202,6.232,2.443,-0.028,-1.937,0
Seattle,West,5/1/1937,0:00,11.763,10.963,9.923,6.071,6.091,2.262,-0.638,-3.939,0
Seattle,West,6/1/1937,0:00,11.964,11.183,10.061,6.202,6.232,2.403,-0.589,-4.037,0
Seattle,West,7/1/1937,0:00,11.563,10.933,10.002,6.052,6.101,2.213,-0.697,-4.037,0
Seattle,West,8/1/1937,0:00,11.363,10.471,9.903,5.963,6.022,2.141,-0.569,-2.938,0
Seattle,West,9/1/1937,0:00,11.163,10.281,9.851,5.943,5.943,2.023,-0.179,-2.137,0
Seattle,West,10/1/1937,0:00,11.662,10.782,10.061,6.153,6.12,2.193,0.002,-2.84,0
Seattle,West,11/1/1937,0:00,13.263,11.501,10.49,6.632,6.642,2.781,-0.317,-3.437,0
Seattle,West,12/1/1937,0:00,12.863,11.573,10.471,6.583,6.632,2.794,-0.717,-4.539,0
Seattle,West,1/1/1938,0:00,12.863,11.291,10.353,6.501,6.544,2.741,-0.559,-3.338,0
Seattle,West,2/1/1938,0:00,12.761,11.393,10.681,6.872,6.882,3.092,0.513,-1.439,0
Seattle,West,3/1/1938,0:00,13.263,11.091,10.461,6.672,6.642,2.833,0.983,-0.536,0
Seattle,West,4/1/1938,0:00,11.061,10.632,9.933,6.101,6.101,2.282,0.002,-2.338,0
Seattle,West,5/1/1938,0:00,11.363,10.763,9.87,5.924,5.881,1.901,-0.947,-4.139,0
Seattle,West,6/1/1938,0:00,11.662,10.924,9.884,5.924,5.924,1.973,-1.137,-4.339,0
Seattle,West,7/1/1938,0:00,12.062,11.002,10.041,6.042,6.061,2.072,-0.697,-3.437,0
Seattle,West,8/1/1938,0:00,11.462,10.481,9.802,5.91,5.901,1.993,-0.349,-2.338,0
Seattle,West,9/1/1938,0:00,11.563,10.231,9.802,5.983,5.963,2.131,-0.028,-0.937,0
Seattle,West,10/1/1938,0:00,11.261,10.582,9.841,6.12,6.081,2.321,0.021,-1.737,0
Seattle,West,11/1/1938,0:00,11.862,10.763,9.733,5.963,5.924,2.121,-0.677,-3.237,0
Seattle,West,12/1/1938,0:00,11.862,11.134,10.041,6.173,6.193,2.341,-0.76,-3.837,0
Seattle,West,1/1/1939,0:00,12.561,11.173,10.313,6.422,6.442,2.571,-0.668,-3.538,0
Seattle,West,2/1/1939,0:00,12.761,10.602,9.952,6.012,6.002,2.052,-0.477,-2.738,0
Seattle,West,3/1/1939,0:00,11.662,10.261,9.742,5.924,5.881,2.023,-0.097,-1.937,0
Seattle,West,4/1/1939,0:00,11.462,10.382,9.641,5.812,5.753,1.872,-0.077,-2.039,0
Seattle,West,5/1/1939,0:00,11.462,10.822,9.913,6.032,5.992,2.082,-0.569,-2.538,0
Seattle,West,6/1/1939,0:00,11.662,10.822,9.841,5.973,5.973,2.092,-0.897,-3.437,0
Seattle,West,7/1/1939,0:00,11.662,10.733,9.87,5.973,5.953,2.032,-0.789,-3.538,0
Seattle,West,8/1/1939,0:00,11.662,10.622,9.952,6.081,6.052,2.141,-0.087,-2.639,0
Seattle,West,9/1/1939,0:00,11.563,10.353,9.923,6.081,6.032,2.141,0.363,-1.038,0
Seattle,West,10/1/1939,0:00,11.363,10.451,9.87,6.061,5.992,2.101,-0.107,-1.937,0
Seattle,West,11/1/1939,0:00,12.16,11.101,10.172,6.271,6.261,2.361,-0.55,-2.538,0
Seattle,West,12/1/1939,0:00,13.361,11.882,10.723,6.773,6.731,2.751,-0.487,-3.138,0
Seattle,West,1/1/1940,0:00,13.063,11.632,10.651,6.672,6.691,2.741,-0.097,-2.738,0
Seattle,West,2/1/1940,0:00,13.063,11.432,10.812,6.852,6.882,2.941,0.451,-1.639,0
Seattle,West,3/1/1940,0:00,12.561,10.822,10.382,6.544,6.521,2.662,0.602,-0.536,0
Seattle,West,4/1/1940,0:00,11.662,10.641,9.903,6.101,6.052,2.203,0.221,-2.439,0
Seattle,West,5/1/1940,0:00,11.563,10.901,9.913,6.153,6.101,2.302,-0.018,-3.036,0
Seattle,West,6/1/1940,0:00,11.462,10.763,9.782,5.943,5.91,2.042,-0.737,-3.237,0
Seattle,West,7/1/1940,0:00,11.862,10.763,9.952,6.061,6.101,2.262,-0.536,-3.036,0
Seattle,West,8/1/1940,0:00,11.862,10.523,9.943,5.992,6.002,2.052,-0.307,-2.84,0
Seattle,West,9/1/1940,0:00,11.862,10.573,10.162,6.271,6.193,2.223,0.451,-1.337,0
Seattle,West,10/1/1940,0:00,12.462,11.071,10.402,6.471,6.383,2.361,0.382,-2.039,0
Seattle,West,11/1/1940,0:00,12.561,11.183,10.241,6.353,6.301,2.361,-0.458,-3.138,0
Seattle,West,12/1/1940,0:00,13.863,11.941,10.871,6.941,6.973,3.073,-0.218,-2.84,0
Seattle,West,1/1/1941,0:00,13.161,11.763,10.802,6.911,6.891,2.99,0.011,-1.937,0
Seattle,West,2/1/1941,0:00,12.262,11.353,10.743,6.882,6.911,3.073,0.691,-1.239,0
Seattle,West,3/1/1941,0:00,12.561,10.953,10.481,6.701,6.642,2.803,1.081,-0.238,0
Seattle,West,4/1/1941,0:00,12.062,10.763,10.113,6.321,6.271,2.433,0.402,-2.338,0
Seattle,West,5/1/1941,0:00,12.262,11.111,10.153,6.33,6.291,2.443,-0.087,-2.738,0
Seattle,West,6/1/1941,0:00,11.462,10.992,9.943,6.081,6.052,2.16,-0.609,-4.037,0
Seattle,West,7/1/1941,0:00,11.563,11.012,10.061,6.134,6.134,2.203,-0.359,-3.637,0
Seattle,West,8/1/1941,0:00,11.563,10.691,10.08,6.202,6.193,2.292,-0.097,-2.639,0
Seattle,West,9/1/1941,0:00,11.563,10.592,10.192,6.291,6.271,2.351,0.412,-1.038,0
Seattle,West,10/1/1941,0:00,11.462,10.753,10.031,6.183,6.134,2.223,0.422,-2.639,0
Seattle,West,11/1/1941,0:00,12.662,11.452,10.461,6.603,6.563,2.662,0.113,-3.637,0
Seattle,West,12/1/1941,0:00,13.361,11.941,10.881,7.003,7.032,3.171,0.031,-2.538,0
Seattle,West,1/1/1942,0:00,12.462,11.33,10.431,6.553,6.553,2.672,-0.507,-3.437,0
Seattle,West,2/1/1942,0:00,12.863,10.933,10.251,6.432,6.412,2.571,0.061,-2.738,0
Seattle,West,3/1/1942,0:00,11.563,10.422,9.87,6.061,6.022,2.174,0.303,-0.838,0
Seattle,West,4/1/1942,0:00,11.862,10.963,10.294,6.462,6.412,2.521,0.671,-1.239,0
Seattle,West,5/1/1942,0:00,11.862,11.052,10.113,6.202,6.111,2.121,-0.379,-3.538,0
Seattle,West,6/1/1942,0:00,11.763,11.022,9.962,6.032,6.012,2.052,-0.887,-4.139,0
Seattle,West,7/1/1942,0:00,12.262,11.091,10.143,6.163,6.183,2.223,-0.569,-3.338,0
Seattle,West,8/1/1942,0:00,11.363,10.632,9.972,6.081,6.071,2.174,-0.018,-2.338,0
Seattle,West,9/1/1942,0:00,11.163,10.202,9.841,6.002,5.983,2.121,0.172,-1.137,0
Seattle,West,10/1/1942,0:00,11.763,10.543,9.831,6.071,6.052,2.272,0.182,-1.337,0
Seattle,West,11/1/1942,0:00,12.863,11.373,10.294,6.471,6.442,2.594,-0.038,-3.338,0
Seattle,West,12/1/1942,0:00,12.462,11.563,10.372,6.491,6.511,2.653,-0.326,-3.739,0
Seattle,West,1/1/1943,0:00,12.262,11.183,10.202,6.301,6.321,2.433,-0.76,-4.437,0
Seattle,West,2/1/1943,0:00,12.561,10.983,10.353,6.452,6.462,2.571,-0.018,-2.84,0
Seattle,West,3/1/1943,0:00,11.563,10.513,10.031,6.202,6.183,2.321,0.153,-1.737,0
Seattle,West,4/1/1943,0:00,12.262,10.871,10.08,6.301,6.252,2.413,0.523,-1.639,0
Seattle,West,5/1/1943,0:00,11.662,10.723,9.742,5.924,5.881,2.023,-0.349,-3.138,0
Seattle,West,6/1/1943,0:00,12.062,11.101,10.041,6.183,6.183,2.321,-0.599,-3.437,0
Seattle,West,7/1/1943,0:00,11.964,10.881,9.952,6.091,6.071,2.193,-0.717,-3.939,0
Seattle,West,8/1/1943,0:00,11.662,10.632,9.933,6.071,6.061,2.203,-0.307,-3.237,0
Seattle,West,9/1/1943,0:00,11.763,10.392,9.893,6.052,6.022,2.16,0.303,-2.239,0
Seattle,West,10/1/1943,0:00,11.862,10.802,10.162,6.353,6.301,2.452,0.412,-1.439,0
Seattle,West,11/1/1943,0:00,12.462,11.052,10.071,6.212,6.202,2.331,-0.458,-2.938,0
Seattle,West,12/1/1943,0:00,12.462,11.301,10.143,6.193,6.183,2.223,-1.097,-3.637,0
Seattle,West,1/1/1944,0:00,13.263,11.471,10.451,6.501,6.511,2.571,-0.477,-3.939,0
Seattle,West,2/1/1944,0:00,12.062,10.842,10.153,6.242,6.242,2.341,-0.359,-2.738,0
Seattle,West,3/1/1944,0:00,11.862,10.333,9.831,5.983,5.983,2.141,-0.169,-1.639,0
Seattle,West,4/1/1944,0:00,11.563,10.733,9.903,6.12,6.091,2.282,0.113,-2.137,0
Seattle,West,5/1/1944,0:00,11.763,10.782,9.693,5.953,5.924,2.141,-0.267,-2.938,0
Seattle,West,6/1/1944,0:00,11.563,10.91,9.821,6.042,6.042,2.262,-0.618,-3.237,0
Seattle,West,7/1/1944,0:00,11.763,10.802,9.884,6.012,6.061,2.252,-0.789,-3.837,0
Seattle,West,8/1/1944,0:00,11.763,10.533,9.884,5.973,6.002,2.131,-0.979,-3.437,0
Seattle,West,9/1/1944,0:00,11.862,10.504,9.982,6.081,6.042,2.111,-0.018,-2.538,0
Seattle,West,10/1/1944,0:00,12.662,10.782,10.031,6.091,6.032,2.032,0.021,-1.737,0
Seattle,West,11/1/1944,0:00,12.361,11.481,10.451,6.563,6.583,2.721,-0.208,-2.538,0
Seattle,West,12/1/1944,0:00,12.361,11.442,10.294,6.353,6.363,2.423,-1.078,-3.138,0
Seattle,West,1/1/1945,0:00,12.863,11.393,10.402,6.471,6.491,2.58,-0.868,-3.237,0
Seattle,West,2/1/1945,0:00,12.262,10.924,10.202,6.373,6.393,2.571,-0.277,-2.538,0
Seattle,West,3/1/1945,0:00,12.662,10.812,10.182,6.383,6.363,2.541,0.471,-1.639,0
Seattle,West,4/1/1945,0:00,11.563,10.323,9.562,5.773,5.743,1.921,-0.307,-2.938,0
Seattle,West,5/1/1945,0:00,12.361,11.153,10.094,6.242,6.252,2.413,-0.438,-2.639,0
Seattle,West,6/1/1945,0:00,11.563,11.012,9.893,5.992,6.002,2.111,-1.009,-3.939,0
Seattle,West,7/1/1945,0:00,11.763,11.071,10.011,6.111,6.12,2.233,-0.717,-3.338,0
Seattle,West,8/1/1945,0:00,11.563,10.691,9.962,6.052,6.091,2.223,-0.599,-2.938,0
Seattle,West,9/1/1945,0:00,11.662,10.372,9.893,6.012,6.012,2.131,-0.287,-1.839,0
Seattle,West,10/1/1945,0:00,11.964,10.691,9.851,6.042,5.992,2.141,-0.087,-3.338,0
Seattle,West,11/1/1945,0:00,12.662,11.563,10.431,6.603,6.593,2.741,-0.067,-3.837,0
Seattle,West,12/1/1945,0:00,13.263,11.882,10.733,6.872,6.921,3.112,-0.349,-3.939,0
Seattle,West,1/1/1946,0:00,13.063,11.33,10.333,6.452,6.531,2.721,-0.927,-3.538,0
Seattle,West,2/1/1946,0:00,12.863,11.232,10.471,6.632,6.711,2.941,-0.116,-2.538,0
Seattle,West,3/1/1946,0:00,11.862,10.832,10.103,6.373,6.373,2.633,0.172,-1.337,0
Seattle,West,4/1/1946,0:00,11.763,10.842,9.972,6.183,6.163,2.351,0.182,-2.239,0
Seattle,West,5/1/1946,0:00,11.862,11.101,10.071,6.153,6.153,2.242,-0.677,-3.939,0
Seattle,West,6/1/1946,0:00,11.862,11.163,10.103,6.202,6.212,2.311,-0.947,-4.139,0
Seattle,West,7/1/1946,0:00,12.062,11.12,10.123,6.173,6.222,2.321,-1.009,-3.538,0
Seattle,West,8/1/1946,0:00,11.363,10.622,9.87,5.973,6.022,2.174,-0.507,-2.738,0
Seattle,West,9/1/1946,0:00,11.763,10.49,9.972,6.163,6.183,2.393,-0.028,-1.239,0
Seattle,West,10/1/1946,0:00,11.862,10.622,9.861,6.081,6.111,2.351,-0.258,-2.538,0
Seattle,West,11/1/1946,0:00,12.662,11.252,10.071,6.242,6.261,2.452,-0.589,-4.237,0
Seattle,West,12/1/1946,0:00,12.961,11.662,10.392,6.544,6.573,2.761,-0.628,-3.837,0
Seattle,West,1/1/1947,0:00,12.561,11.321,10.281,6.33,6.422,2.571,-0.999,-4.838,0
Seattle,West,2/1/1947,0:00,12.561,11.134,10.382,6.481,6.544,2.712,-0.487,-3.739,0
Seattle,West,3/1/1947,0:00,12.062,10.832,10.182,6.383,6.442,2.702,-0.077,-2.439,0
Seattle,West,4/1/1947,0:00,11.563,10.733,9.821,6.042,6.042,2.262,-0.198,-3.338,0
Seattle,West,5/1/1947,0:00,11.964,11.002,9.893,6.061,6.091,2.292,-0.428,-4.339,0
Seattle,West,6/1/1947,0:00,11.763,11.252,10.113,6.252,6.321,2.521,-0.838,-4.739,0
Seattle,West,7/1/1947,0:00,11.862,10.983,10.002,6.153,6.242,2.482,-0.989,-4.539,0
Seattle,West,8/1/1947,0:00,11.563,10.651,9.962,6.091,6.163,2.351,-0.668,-3.739,0
Seattle,West,9/1/1947,0:00,11.363,10.441,9.821,6.002,6.012,2.203,-0.097,-2.639,0
Seattle,West,10/1/1947,0:00,12.16,11.111,10.363,6.573,6.573,2.781,0.212,-1.839,0
Seattle,West,11/1/1947,0:00,11.662,11.032,9.972,6.134,6.202,2.443,-0.917,-4.037,0
Seattle,West,12/1/1947,0:00,12.662,11.613,10.422,6.412,6.521,2.633,-1.298,-4.237,0
Seattle,West,1/1/1948,0:00,NaN,11.452,10.382,6.432,6.481,2.58,-1.058,-4.739,0
Seattle,West,2/1/1948,0:00,12.462,11.183,10.372,6.471,6.544,2.702,-0.428,-3.637,0
Seattle,West,3/1/1948,0:00,12.062,10.7,10.08,6.291,6.363,2.633,-0.057,-1.239,0
Seattle,West,4/1/1948,0:00,12.262,11.291,10.392,6.642,6.701,3.004,0.333,-2.039,0
Seattle,West,5/1/1948,0:00,12.062,11.252,10.011,6.393,6.412,2.813,-0.087,-2.938,0
Seattle,West,6/1/1948,0:00,11.862,11.12,10.031,6.271,6.321,2.603,-0.609,-3.338,0
Seattle,West,7/1/1948,0:00,11.964,11.012,10.011,6.222,6.311,2.613,-0.769,-3.837,0
Seattle,West,8/1/1948,0:00,11.964,10.661,10.051,6.183,6.281,2.521,-0.668,-3.837,0
Seattle,West,9/1/1948,0:00,11.462,10.612,10.041,6.163,6.202,2.37,-0.238,-2.738,0
Seattle,West,10/1/1948,0:00,12.262,10.723,9.943,6.061,6.042,2.141,-0.317,-1.937,0
Seattle,West,11/1/1948,0:00,12.462,11.212,10.071,6.232,6.261,2.452,-0.927,-3.538,0
Seattle,West,12/1/1948,0:00,12.761,11.632,10.49,6.583,6.681,2.863,-1.097,-4.037,0
Seattle,West,1/1/1949,0:00,12.462,10.822,9.792,5.924,6.032,2.272,-1.658,-4.838,0
Seattle,West,2/1/1949,0:00,13.063,11.403,10.533,6.691,6.773,3.013,-0.139,-3.637,0
Seattle,West,3/1/1949,0:00,12.561,11.032,10.294,6.531,6.563,2.843,0.382,-1.537,0
Seattle,West,4/1/1949,0:00,11.662,10.543,9.733,5.983,6.012,2.292,-0.408,-2.938,0
Seattle,West,5/1/1949,0:00,11.862,11.091,10.031,6.212,6.301,2.571,-0.737,-3.637,0
Seattle,West,6/1/1949,0:00,11.662,11.012,9.861,6.042,6.111,2.361,-1.179,-4.139,0
Seattle,West,7/1/1949,0:00,11.763,10.983,9.87,6.012,6.081,2.302,-0.969,-3.637,0
Seattle,West,8/1/1949,0:00,11.862,10.651,9.913,6.101,6.183,2.443,-0.658,-2.639,0
Seattle,West,9/1/1949,0:00,11.862,10.471,9.87,6.081,6.134,2.393,-0.399,-1.937,0
Seattle,West,10/1/1949,0:00,11.363,10.412,9.572,5.782,5.822,2.062,-0.599,-3.939,0
Seattle,West,11/1/1949,0:00,12.561,11.291,10.133,6.363,6.383,2.643,-0.507,-4.437,0
Seattle,West,12/1/1949,0:00,12.761,11.301,10.143,6.353,6.452,2.761,-1.156,-4.539,0
Seattle,West,1/1/1950,0:00,13.161,11.412,10.402,6.553,6.681,2.961,-0.999,-3.637,0
Seattle,West,2/1/1950,0:00,12.961,11.202,10.343,6.544,6.642,2.951,-0.307,-3.338,0
Seattle,West,3/1/1950,0:00,12.16,10.963,10.241,6.531,6.593,2.941,0.182,-1.439,0
Seattle,West,4/1/1950,0:00,12.062,10.91,10.011,6.252,6.291,2.571,0.051,-2.239,0
Seattle,West,5/1/1950,0:00,12.062,10.881,9.831,5.953,6.012,2.193,-1.107,-4.739,0
Seattle,West,6/1/1950,0:00,11.763,11.143,10.041,6.173,6.222,2.413,-1.179,-4.739,0
Seattle,West,7/1/1950,0:00,11.662,11.042,10.094,6.202,6.291,2.492,-1.029,-4.139,0
Seattle,West,8/1/1950,0:00,11.563,10.763,9.982,6.163,6.222,2.472,-0.326,-2.338,0
Seattle,West,9/1/1950,0:00,11.563,10.441,9.893,6.143,6.183,2.472,-0.179,-1.439,0
Seattle,West,10/1/1950,0:00,12.262,11.153,10.363,6.672,6.711,3.063,0.143,-2.938,0
Seattle,West,11/1/1950,0:00,12.561,11.511,10.372,6.593,6.662,2.941,-0.527,-4.139,0
Seattle,West,12/1/1950,0:00,13.063,11.901,10.7,6.862,6.95,3.2,-0.536,-4.237,0
Seattle,West,1/1/1951,0:00,12.961,11.721,10.632,6.711,6.842,3.043,-0.609,-4.539,0
Seattle,West,2/1/1951,0:00,12.761,11.422,10.651,6.783,6.872,3.092,-0.198,-3.237,0
Seattle,West,3/1/1951,0:00,12.062,10.792,10.103,6.344,6.403,2.712,-0.218,-2.338,0
Seattle,West,4/1/1951,0:00,11.862,10.714,9.821,6.091,6.061,2.302,-0.379,-3.437,0
Seattle,West,5/1/1951,0:00,11.964,11.173,10.041,6.252,6.271,2.502,-0.458,-4.037,0
Seattle,West,6/1/1951,0:00,11.964,11.061,9.992,6.163,6.222,2.462,-1.078,-5.038,0
Seattle,West,7/1/1951,0:00,12.062,11.101,10.123,6.281,6.393,2.662,-0.897,-4.237,0
Seattle,West,8/1/1951,0:00,11.662,10.723,9.962,6.12,6.193,2.423,-0.638,-3.637,0
Seattle,West,9/1/1951,0:00,11.462,10.641,10.051,6.261,6.281,2.511,0.08,-2.039,0
Seattle,West,10/1/1951,0:00,11.964,11.032,10.281,6.462,6.462,2.633,-0.189,-3.637,0
Seattle,West,11/1/1951,0:00,13.161,11.652,10.573,6.711,6.773,2.971,-0.579,-3.637,0
Seattle,West,12/1/1951,0:00,13.761,11.773,10.582,6.642,6.763,2.941,-1.17,-4.139,0
Seattle,West,1/1/1952,0:00,13.463,12.062,10.943,6.95,7.042,3.141,-0.497,-4.139,0
Seattle,West,2/1/1952,0:00,13.361,11.344,10.504,6.603,6.691,2.882,-0.208,-2.738,0
Seattle,West,3/1/1952,0:00,11.763,10.723,10.071,6.311,6.363,2.653,-0.067,-1.737,0
Seattle,West,4/1/1952,0:00,11.363,10.651,9.802,6.101,6.12,2.452,-0.349,-2.338,0
Seattle,West,5/1/1952,0:00,11.363,10.773,9.641,5.943,5.983,2.321,-0.76,-3.437,0
Seattle,West,6/1/1952,0:00,11.763,10.963,9.841,6.101,6.143,2.443,-0.868,-4.139,0
Seattle,West,7/1/1952,0:00,12.361,10.842,9.923,6.081,6.183,2.443,-0.907,-4.437,0
Seattle,West,8/1/1952,0:00,12.262,10.743,10.133,6.252,6.363,2.58,-0.517,-3.538,0
Seattle,West,9/1/1952,0:00,12.062,10.523,9.972,6.12,6.143,2.311,-0.359,-2.338,0
Seattle,West,10/1/1952,0:00,11.662,10.681,9.893,5.992,5.983,2.082,-0.477,-2.239,0
Seattle,West,11/1/1952,0:00,12.062,11.153,10.113,6.271,6.321,2.521,-0.979,-3.637,0
Seattle,West,12/1/1952,0:00,13.663,12.101,11.002,7.072,7.174,3.342,-0.648,-3.538,0
Seattle,West,1/1/1953,0:00,13.761,12.131,11.101,7.203,7.321,3.542,-0.159,-3.338,0
Seattle,West,2/1/1953,0:00,12.761,10.763,9.992,6.242,6.311,2.633,-0.438,-3.437,0
Seattle,West,3/1/1953,0:00,13.063,10.822,10.133,6.373,6.403,2.672,0.363,-1.439,0
Seattle,West,4/1/1953,0:00,11.862,10.641,9.884,6.12,6.12,2.351,-0.307,-3.138,0
Seattle,West,5/1/1953,0:00,11.662,11.143,10.113,6.311,6.363,2.623,-0.717,-3.538,0
Seattle,West,6/1/1953,0:00,11.964,11.042,9.933,6.071,6.183,2.423,-1.078,-3.437,0
Seattle,West,7/1/1953,0:00,12.062,10.943,9.943,6.061,6.12,2.311,-0.769,-3.338,0
Seattle,West,8/1/1953,0:00,12.262,10.743,10.051,6.212,6.261,2.482,-0.369,-2.137,0
Seattle,West,9/1/1953,0:00,12.062,10.543,10.041,6.232,6.261,2.482,-0.228,-2.039,0
Seattle,West,10/1/1953,0:00,11.763,10.812,10.021,6.242,6.271,2.521,-0.087,-3.637,0
Seattle,West,11/1/1953,0:00,12.961,11.803,10.691,6.941,6.973,3.253,0.08,-3.237,0
Seattle,West,12/1/1953,0:00,12.662,11.393,10.303,6.531,6.622,2.941,-0.727,-3.338,0
Seattle,West,1/1/1954,0:00,13.463,11.921,10.973,7.092,7.242,3.512,-0.169,-2.137,0
Seattle,West,2/1/1954,0:00,13.161,11.403,10.661,6.823,6.901,3.151,0.182,-2.639,0
Seattle,West,3/1/1954,0:00,13.161,10.851,10.192,6.442,6.462,2.741,0.333,-1.537,0
Seattle,West,4/1/1954,0:00,12.462,10.901,10.061,6.271,6.261,2.472,0.061,-2.639,0
Seattle,West,5/1/1954,0:00,11.763,11.032,10.061,6.163,6.202,2.341,-0.848,-3.939,0
Seattle,West,6/1/1954,0:00,12.16,11.301,10.241,6.353,6.422,2.613,-0.858,-4.339,0
Seattle,West,7/1/1954,0:00,11.763,10.963,10.094,6.173,6.222,2.351,-0.828,-3.437,0
Seattle,West,8/1/1954,0:00,11.862,10.723,10.041,6.183,6.232,2.423,-0.077,-1.737,0
Seattle,West,9/1/1954,0:00,12.062,10.441,9.962,6.193,6.202,2.443,0.094,-1.337,0
Seattle,West,10/1/1954,0:00,12.062,10.681,9.982,6.271,6.261,2.541,-0.218,-3.237,0
Seattle,West,11/1/1954,0:00,12.361,11.363,10.372,6.613,6.662,2.941,-0.349,-3.237,0
Seattle,West,12/1/1954,0:00,12.863,11.832,10.661,6.783,6.823,2.99,-0.536,-3.939,0
Seattle,West,1/1/1955,0:00,12.863,11.373,10.333,6.412,6.501,2.672,-0.569,-3.837,0
Seattle,West,2/1/1955,0:00,12.462,10.763,10.051,6.183,6.202,2.361,-0.458,-2.938,0
Seattle,West,3/1/1955,0:00,11.964,10.431,9.87,6.012,6.042,2.223,-0.349,-2.137,0
Seattle,West,4/1/1955,0:00,12.262,10.953,10.143,6.33,6.33,2.521,0.071,-3.138,0
Seattle,West,5/1/1955,0:00,11.563,10.7,9.683,5.881,5.881,2.082,-0.677,-4.437,0
Seattle,West,6/1/1955,0:00,11.964,10.943,9.923,6.071,6.101,2.292,-0.927,-4.237,0
Seattle,West,7/1/1955,0:00,11.763,10.812,9.923,6.091,6.163,2.393,-0.76,-3.637,0
Seattle,West,8/1/1955,0:00,11.261,10.441,9.811,5.973,6.002,2.183,-0.448,-2.639,0
Seattle,West,9/1/1955,0:00,11.462,10.281,9.811,5.992,5.983,2.16,0.113,-1.137,0
Seattle,West,10/1/1955,0:00,11.862,10.661,9.952,6.163,6.12,2.282,-0.208,-2.639,0
Seattle,West,11/1/1955,0:00,12.561,11.242,10.281,6.412,6.442,2.594,-0.648,-3.739,0
Seattle,West,12/1/1955,0:00,13.263,12.013,10.943,6.95,7.062,3.191,-0.569,-4.339,0
Seattle,West,1/1/1956,0:00,13.561,12.141,11.091,7.16,7.193,3.302,0.041,-2.938,0
Seattle,West,2/1/1956,0:00,12.462,10.953,10.251,6.422,6.452,2.662,0.094,-1.337,0
Seattle,West,3/1/1956,0:00,11.964,10.714,10.231,6.442,6.471,2.712,0.441,-1.137,0
Seattle,West,4/1/1956,0:00,11.261,10.671,9.933,6.163,6.153,2.37,-0.097,-2.239,0
Seattle,West,5/1/1956,0:00,11.662,11.061,10.011,6.271,6.261,2.511,-0.287,-3.538,0
Seattle,West,6/1/1956,0:00,12.262,11.143,10.094,6.301,6.311,2.521,-0.379,-3.338,0
Seattle,West,7/1/1956,0:00,12.462,11.002,10.061,6.212,6.232,2.413,-0.458,-3.837,0
Seattle,West,8/1/1956,0:00,11.763,10.661,10.031,6.143,6.183,2.331,-0.297,-3.237,0
Seattle,West,9/1/1956,0:00,11.964,10.49,10.061,6.202,6.153,2.252,0.021,-1.937,0
Seattle,West,10/1/1956,0:00,11.964,10.891,10.182,6.33,6.271,2.37,0.192,-1.937,0
Seattle,West,11/1/1956,0:00,11.563,10.842,9.884,6.002,5.992,2.111,-0.947,-3.837,0
Seattle,West,12/1/1956,0:00,12.361,11.344,10.294,6.412,6.452,2.603,-0.907,-4.037,0
Seattle,West,1/1/1957,0:00,12.961,11.042,10.133,6.242,6.281,2.423,-0.828,-3.939,0
Seattle,West,2/1/1957,0:00,12.262,11.042,10.353,6.481,6.521,2.702,0.192,-2.538,0
Seattle,West,3/1/1957,0:00,12.262,10.973,10.402,6.622,6.603,2.803,0.871,-0.638,0
Seattle,West,4/1/1957,0:00,12.561,10.681,10.002,6.232,6.202,2.413,0.162,-1.537,0
Seattle,West,5/1/1957,0:00,12.361,11.301,10.392,6.563,6.511,2.633,-0.159,-2.738,0
Seattle,West,6/1/1957,0:00,11.862,11.163,10.153,6.281,6.291,2.433,-0.628,-2.938,0
Seattle,West,7/1/1957,0:00,12.16,10.953,10.202,6.252,6.261,2.321,-0.379,-2.938,0
Seattle,West,8/1/1957,0:00,12.062,10.871,10.192,6.281,6.281,2.384,0.071,-2.039,0
Seattle,West,9/1/1957,0:00,12.262,10.592,10.231,6.393,6.344,2.462,0.392,-0.536,0
Seattle,West,10/1/1957,0:00,12.262,11.012,10.333,6.462,6.481,2.633,0.451,-1.937,0
Seattle,West,11/1/1957,0:00,12.561,11.163,10.172,6.363,6.344,2.502,-0.169,-3.338,0
Seattle,West,12/1/1957,0:00,13.561,11.941,10.802,7.003,7.111,3.424,0.031,-2.538,0
Seattle,West,1/1/1958,0:00,13.263,11.701,10.901,7.052,7.111,3.322,0.094,-2.738,0
Seattle,West,2/1/1958,0:00,13.463,11.813,11.212,7.361,7.384,3.542,1.032,-1.137,0
Seattle,West,3/1/1958,0:00,12.16,10.851,10.323,6.573,6.544,2.751,0.723,-1.439,0
Seattle,West,4/1/1958,0:00,13.063,11.12,10.363,6.544,6.501,2.653,0.723,-1.038,0
Seattle,West,5/1/1958,0:00,11.763,11.061,10.182,6.252,6.222,2.262,-0.326,-3.138,0
Seattle,West,6/1/1958,0:00,12.062,11.232,10.313,6.383,6.403,2.482,-0.438,-2.84,0
Seattle,West,7/1/1958,0:00,11.862,11.042,10.192,6.242,6.242,2.302,-0.536,-2.84,0
Seattle,West,8/1/1958,0:00,11.862,10.832,10.202,6.363,6.291,2.384,0.212,-1.737,0
Seattle,West,9/1/1958,0:00,11.964,10.523,10.113,6.33,6.301,2.482,0.723,-0.937,0
Seattle,West,10/1/1958,0:00,12.062,10.763,10.143,6.403,6.311,2.482,0.313,-2.137,0
Seattle,West,11/1/1958,0:00,12.462,11.173,10.431,6.583,6.563,2.682,-0.169,-2.639,0
Seattle,West,12/1/1958,0:00,12.561,11.862,10.733,6.862,6.842,2.961,-0.258,-3.338,0
Seattle,West,1/1/1959,0:00,13.761,11.921,10.842,7.003,6.95,3.063,0.162,-1.937,0
Seattle,West,2/1/1959,0:00,12.16,11.373,10.753,6.921,6.901,3.063,0.563,-1.937,0
Seattle,West,3/1/1959,0:00,12.16,10.641,10.182,6.383,6.412,2.643,0.431,-0.838,0
Seattle,West,4/1/1959,0:00,12.361,10.901,10.182,6.353,6.393,2.613,0.382,-2.439,0
Seattle,West,5/1/1959,0:00,11.862,10.963,10.031,6.202,6.183,2.341,0.071,-3.637,0
Seattle,West,6/1/1959,0:00,11.964,11.173,10.113,6.291,6.271,2.433,-0.349,-3.739,0
Seattle,West,7/1/1959,0:00,11.862,10.943,10.103,6.261,6.261,2.433,-0.317,-3.138,0
Seattle,West,8/1/1959,0:00,11.563,10.681,10.094,6.252,6.232,2.37,0.002,-1.937,0
Seattle,West,9/1/1959,0:00,12.262,10.743,10.333,6.462,6.442,2.551,0.714,-0.638,0
Seattle,West,10/1/1959,0:00,11.662,11.042,10.363,6.412,6.383,2.393,0.543,-2.039,0
Seattle,West,11/1/1959,0:00,12.16,11.252,10.294,6.353,6.301,2.311,-0.389,-3.739,0
Seattle,West,12/1/1959,0:00,12.361,11.632,10.573,6.613,6.642,2.702,-0.628,-3.637,0
Seattle,West,1/1/1960,0:00,13.161,11.613,10.671,6.691,6.681,2.682,-0.379,-3.437,0
Seattle,West,2/1/1960,0:00,13.361,11.193,10.553,6.701,6.681,2.823,0.422,-2.137,0
Seattle,West,3/1/1960,0:00,11.964,10.743,10.294,6.491,6.452,2.613,0.842,-0.737,0
Seattle,West,4/1/1960,0:00,12.262,10.983,10.281,6.511,6.501,2.731,0.671,-1.737,0
Seattle,West,5/1/1960,0:00,11.763,11.091,10.103,6.393,6.344,2.58,0.133,-2.738,0
Seattle,West,6/1/1960,0:00,11.964,11.101,10.021,6.202,6.183,2.351,-0.359,-3.637,0
Seattle,West,7/1/1960,0:00,11.964,10.933,10.002,6.134,6.143,2.282,-0.277,-3.538,0
Seattle,West,8/1/1960,0:00,12.16,10.743,10.08,6.212,6.222,2.361,-0.057,-2.84,0
Seattle,West,9/1/1960,0:00,11.462,10.422,10.071,6.173,6.163,2.262,0.313,-1.537,0
Seattle,West,10/1/1960,0:00,11.763,10.891,10.123,6.281,6.222,2.311,-0.087,-1.137,0
Seattle,West,11/1/1960,0:00,13.263,11.462,10.49,6.544,6.583,2.662,0.011,-2.738,0
Seattle,West,12/1/1960,0:00,12.961,11.563,10.471,6.573,6.593,2.712,-0.536,-3.237,0
Seattle,West,1/1/1961,0:00,12.761,11.672,10.763,6.901,6.911,3.063,-0.087,-3.338,0
Seattle,West,2/1/1961,0:00,12.961,11.531,10.743,6.921,6.941,3.132,0.671,-1.639,0
Seattle,West,3/1/1961,0:00,12.863,11.212,10.622,6.872,6.842,3.053,1.212,-0.139,0
Seattle,West,4/1/1961,0:00,11.862,10.681,10.002,6.202,6.163,2.321,0.471,-1.137,0
Seattle,West,5/1/1961,0:00,11.862,11.12,10.221,6.344,6.363,2.492,-0.048,-2.84,0
Seattle,West,6/1/1961,0:00,12.262,11.232,10.221,6.291,6.261,2.292,-0.569,-3.739,0
Seattle,West,7/1/1961,0:00,12.16,11.153,10.221,6.212,6.202,2.183,-0.658,-3.538,0
Seattle,West,8/1/1961,0:00,11.964,10.861,10.192,6.261,6.232,2.272,-0.008,-2.338,0
Seattle,West,9/1/1961,0:00,11.763,10.451,10.061,6.173,6.143,2.223,0.182,-1.137,0
Seattle,West,10/1/1961,0:00,11.964,10.651,9.923,6.12,6.081,2.242,0.143,-1.239,0
Seattle,West,11/1/1961,0:00,12.262,11.183,10.103,6.281,6.222,2.351,-0.169,-2.137,0
Seattle,West,12/1/1961,0:00,12.262,11.521,10.363,6.544,6.521,2.692,-0.238,-3.237,0
Seattle,West,1/1/1962,0:00,12.361,11.081,10.103,6.281,6.271,2.443,-0.746,-3.338,0
Seattle,West,2/1/1962,0:00,13.161,11.222,10.592,6.681,6.681,2.771,0.08,-3.138,0
Seattle,West,3/1/1962,0:00,12.262,10.723,10.143,6.344,6.311,2.472,0.294,-1.337,0
Seattle,West,4/1/1962,0:00,11.462,10.723,9.943,6.153,6.081,2.213,0.231,-1.639,0
Seattle,West,5/1/1962,0:00,12.16,11.042,10.031,6.202,6.143,2.252,-0.13,-2.439,0
Seattle,West,6/1/1962,0:00,11.662,10.983,9.933,6.022,6.042,2.16,-0.809,-3.138,0
Seattle,West,7/1/1962,0:00,11.964,10.842,9.952,6.071,6.042,2.121,-0.907,-3.338,0
Seattle,West,8/1/1962,0:00,11.763,10.651,10.002,6.173,6.143,2.282,-0.189,-2.639,0
Seattle,West,9/1/1962,0:00,11.763,10.543,10.08,6.232,6.222,2.361,0.431,-1.439,0
Seattle,West,10/1/1962,0:00,13.161,10.963,10.323,6.511,6.481,2.643,0.651,-1.839,0
Seattle,West,11/1/1962,0:00,12.462,11.471,10.431,6.583,6.583,2.741,-0.13,-2.538,0
Seattle,West,12/1/1962,0:00,13.063,11.583,10.461,6.603,6.603,2.741,-0.579,-3.138,0
Seattle,West,1/1/1963,0:00,12.761,11.052,10.041,6.081,6.091,2.141,-1.019,-3.637,0
Seattle,West,2/1/1963,0:00,12.361,11.383,10.681,6.74,6.783,2.882,0.071,-2.338,0
Seattle,West,3/1/1963,0:00,12.961,10.773,10.271,6.353,6.363,2.462,0.231,-1.038,0
Seattle,West,4/1/1963,0:00,12.262,11.301,10.49,6.662,6.662,2.833,0.573,-2.639,0
Seattle,West,5/1/1963,0:00,12.16,11.281,10.143,6.363,6.344,2.531,0.031,-3.739,0
Seattle,West,6/1/1963,0:00,11.964,11.153,10.041,6.212,6.222,2.393,-0.517,-3.538,0
Seattle,West,7/1/1963,0:00,11.662,11.042,10.143,6.321,6.363,2.58,-0.458,-3.338,0
Seattle,West,8/1/1963,0:00,11.763,10.691,10.08,6.222,6.281,2.482,-0.317,-2.338,0
Seattle,West,9/1/1963,0:00,11.662,10.812,10.313,6.501,6.544,2.761,0.353,-1.537,0
Seattle,West,10/1/1963,0:00,12.062,11.242,10.471,6.672,6.583,2.702,0.7,-1.439,0
Seattle,West,11/1/1963,0:00,12.961,11.872,10.782,6.901,6.901,3.013,0.162,-3.437,0
Seattle,West,12/1/1963,0:00,12.662,11.701,10.622,6.632,6.662,2.692,-0.907,-3.837,0
Seattle,West,1/1/1964,0:00,13.463,11.921,10.933,6.941,7.052,3.181,-0.418,-2.639,0
Seattle,West,2/1/1964,0:00,12.16,10.49,9.802,5.953,5.973,2.151,-0.707,-2.738,0
Seattle,West,3/1/1964,0:00,11.662,10.733,10.143,6.281,6.271,2.413,0.353,-1.239,0
Seattle,West,4/1/1964,0:00,11.763,10.431,9.66,5.851,5.851,2.032,-0.277,-2.938,0
Seattle,West,5/1/1964,0:00,11.563,10.812,9.742,5.924,5.953,2.151,-0.677,-3.939,0
Seattle,West,6/1/1964,0:00,12.16,11.183,10.061,6.183,6.222,2.384,-0.737,-4.339,0
Seattle,West,7/1/1964,0:00,12.062,11.042,10.041,6.202,6.222,2.403,-0.569,-4.339,0
Seattle,West,8/1/1964,0:00,11.763,10.861,10.192,6.321,6.373,2.541,-0.267,-3.338,0
Seattle,West,9/1/1964,0:00,11.563,10.523,10.041,6.183,6.193,2.351,-0.077,-2.239,0
Seattle,West,10/1/1964,0:00,11.763,10.861,10.051,6.193,6.173,2.282,-0.018,-2.538,0
Seattle,West,11/1/1964,0:00,12.961,11.481,10.363,6.501,6.471,2.594,-0.179,-3.837,0
Seattle,West,12/1/1964,0:00,14.063,11.95,10.792,6.911,6.941,3.102,-0.468,-3.538,0
Seattle,West,1/1/1965,0:00,13.161,11.721,10.691,6.823,6.891,3.082,-0.487,-4.237,0
Seattle,West,2/1/1965,0:00,12.561,10.983,10.162,6.373,6.412,2.672,-0.267,-3.538,0
Seattle,West,3/1/1965,0:00,11.862,10.681,9.982,6.232,6.232,2.482,0.133,-1.537,0
Seattle,West,4/1/1965,0:00,11.763,11.153,10.281,6.501,6.491,2.712,0.513,-1.137,0
Seattle,West,5/1/1965,0:00,11.261,10.773,9.772,5.91,5.953,2.121,-0.937,NaN,0
Seattle,West,6/1/1965,0:00,11.862,11.081,9.992,6.071,6.091,2.193,-1.219,NaN,0
Seattle,West,7/1/1965,0:00,12.16,11.173,10.221,6.261,6.321,2.423,-1.097,NaN,0
Seattle,West,8/1/1965,0:00,12.16,11.002,10.251,6.393,6.412,2.571,-0.13,NaN,0
Seattle,West,9/1/1965,0:00,11.964,10.612,10.071,6.291,6.311,2.541,0.021,NaN,0
Seattle,West,10/1/1965,0:00,11.563,10.924,10.041,6.462,6.412,2.794,0.182,NaN,0
Seattle,West,11/1/1965,0:00,12.863,11.803,10.651,6.931,6.931,3.214,0.261,NaN,0
Seattle,West,12/1/1965,0:00,13.263,11.95,10.671,6.882,6.931,3.2,-0.179,NaN,0
Seattle,West,1/1/1966,0:00,13.161,11.842,10.782,6.964,7.052,3.322,-0.107,-3.437,0
Seattle,West,2/1/1966,0:00,13.463,11.373,10.602,6.672,6.74,2.882,-0.198,-2.538,0
Seattle,West,3/1/1966,0:00,12.863,11.061,10.392,6.632,6.691,2.99,0.242,-2.239,0
Seattle,West,4/1/1966,0:00,12.062,10.832,9.982,6.222,6.193,2.402,-0.198,-1.937,0
Seattle,West,5/1/1966,0:00,11.662,11.042,9.962,6.111,6.111,2.262,-0.589,-3.036,0
Seattle,West,6/1/1966,0:00,11.862,10.983,9.933,6.081,6.143,2.351,-1.219,-3.739,0
Seattle,West,7/1/1966,0:00,12.062,11.071,10.133,6.252,6.33,2.531,-1.117,-3.837,0
Seattle,West,8/1/1966,0:00,11.862,10.802,10.061,6.212,6.252,2.443,-0.648,-3.437,0
Seattle,West,9/1/1966,0:00,12.262,10.681,10.051,6.271,6.271,2.492,0.123,-2.137,0
Seattle,West,10/1/1966,0:00,11.763,10.753,10.021,6.271,6.252,2.482,-0.087,-2.538,0
Seattle,West,11/1/1966,0:00,12.561,11.531,10.523,6.711,6.763,3.004,-0.297,-2.439,0
Seattle,West,12/1/1966,0:00,13.663,12.223,10.973,7.101,7.183,3.381,-0.379,-3.437,0
Seattle,West,1/1/1967,0:00,13.663,11.911,10.773,6.862,6.941,3.112,-0.326,-3.138,0
Seattle,West,2/1/1967,0:00,12.863,11.163,10.323,6.491,6.573,2.813,-0.248,-2.538,0
Seattle,West,3/1/1967,0:00,12.761,11.311,10.602,6.763,6.813,3.023,0.353,-1.337,0
Seattle,West,4/1/1967,0:00,12.16,11.111,10.281,6.511,6.553,2.823,0.021,-2.938,0
Seattle,West,5/1/1967,0:00,11.662,10.91,9.772,6.061,6.081,2.393,-0.658,-4.237,0
Seattle,West,6/1/1967,0:00,12.062,11.403,10.212,6.432,6.491,2.771,-0.569,-3.538,0
Seattle,West,7/1/1967,0:00,11.763,10.973,10.051,6.301,6.393,2.731,-0.727,-3.138,0
Seattle,West,8/1/1967,0:00,12.062,10.802,10.153,6.33,6.452,2.751,-0.468,-2.639,0
Seattle,West,9/1/1967,0:00,11.964,10.723,10.051,6.242,6.281,2.511,-0.228,-2.039,0
Seattle,West,10/1/1967,0:00,12.662,11.291,10.382,6.544,6.553,2.721,0.271,-1.737,0
Seattle,West,11/1/1967,0:00,12.662,11.462,10.343,6.462,6.491,2.633,-0.55,-3.637,0
Seattle,West,12/1/1967,0:00,14.263,11.773,10.573,6.622,6.711,2.853,-1.038,-4.437,0
Seattle,West,1/1/1968,0:00,13.161,11.921,10.763,6.852,6.973,3.171,-0.599,-3.899,0
Seattle,West,2/1/1968,0:00,13.073,11.603,10.691,6.882,6.973,3.243,0.094,-1.809,0
Seattle,West,3/1/1968,0:00,12.961,11.153,10.402,6.652,6.691,2.981,0.523,-1.786,0
Seattle,West,4/1/1968,0:00,11.842,10.602,9.811,6.091,6.111,2.413,-0.359,-3.246,0
Seattle,West,5/1/1968,0:00,12.262,11.173,10.061,6.311,6.373,2.672,-0.737,-4.109,0
Seattle,West,6/1/1968,0:00,11.891,11.173,10.002,6.212,6.291,2.571,-1.068,-4.437,0
Seattle,West,7/1/1968,0:00,12.252,11.212,10.192,6.383,6.432,2.662,-0.687,-3.837,0
Seattle,West,8/1/1968,0:00,11.964,11.134,10.363,6.603,6.622,2.882,-0.267,-3.217,0
Seattle,West,9/1/1968,0:00,11.593,10.802,10.202,6.403,6.452,2.702,-0.139,-1.937,0
Seattle,West,10/1/1968,0:00,12.672,11.363,10.441,6.652,6.662,2.882,0.231,-2.948,0
Seattle,West,11/1/1968,0:00,13.063,11.754,10.602,6.793,6.813,3.023,-0.048,-3.358,0
Seattle,West,12/1/1968,0:00,14.103,12.121,10.992,7.151,7.252,3.512,-0.297,-4.477,0
Seattle,West,1/1/1969,0:00,13.263,12.101,11.052,7.193,7.321,3.591,-0.168,-3.939,0
Seattle,West,2/1/1969,0:00,13.361,11.862,11.002,7.16,7.262,3.532,0.422,-1.839,0
Seattle,West,3/1/1969,0:00,12.062,11.032,10.251,6.501,6.544,2.823,0.152,-1.537,0
Seattle,West,4/1/1969,0:00,12.863,11.422,10.543,6.793,6.823,3.102,0.552,-1.737,0
Seattle,West,5/1/1969,0:00,11.862,11.33,10.333,6.491,6.553,2.771,-0.628,-3.637,0
Seattle,West,6/1/1969,0:00,12.361,11.491,10.451,6.553,6.642,2.833,-0.988,-4.539,0
Seattle,West,7/1/1969,0:00,12.16,11.193,10.294,6.291,6.363,2.433,-1.188,-4.237,0
Seattle,West,8/1/1969,0:00,11.862,10.933,10.192,6.301,6.363,2.521,-0.358,-2.639,0
Seattle,West,9/1/1969,0:00,11.964,10.871,10.294,6.501,6.553,2.803,0.052,-0.737,0
Seattle,West,10/1/1969,0:00,11.662,11.022,10.192,6.471,6.521,2.843,-0.058,-1.937,0
Seattle,West,11/1/1969,0:00,12.462,11.442,10.303,6.531,6.583,2.853,-0.488,-3.637,0
Seattle,West,12/1/1969,0:00,13.463,12.072,10.782,6.941,7.023,3.263,-0.278,-3.637,0
Seattle,West,1/1/1970,0:00,13.361,11.95,10.881,6.941,7.082,3.282,-0.267,-4.139,0
Seattle,West,2/1/1970,0:00,12.462,11.452,10.622,6.721,6.813,2.99,-0.169,-3.538,0
Seattle,West,3/1/1970,0:00,12.662,10.973,10.251,6.471,6.553,2.853,-0.028,-1.639,0
Seattle,West,4/1/1970,0:00,12.16,10.773,9.87,6.111,6.134,2.384,-0.418,-2.338,0
Seattle,West,5/1/1970,0:00,11.763,11.002,9.913,6.101,6.143,2.361,-0.789,-3.739,0
Seattle,West,6/1/1970,0:00,12.16,11.193,10.143,6.271,6.363,2.571,-1.179,-4.037,0
Seattle,West,7/1/1970,0:00,12.16,11.111,10.153,6.261,6.373,2.594,-1.117,-3.939,0
Seattle,West,8/1/1970,0:00,12.16,10.812,10.051,6.202,6.261,2.462,-0.638,-3.437,0
Seattle,West,9/1/1970,0:00,12.16,10.632,10.021,6.222,6.232,2.443,0.021,-1.937,0
Seattle,West,10/1/1970,0:00,11.964,10.933,10.192,6.403,6.403,2.613,-0.13,-2.439,0
Seattle,West,11/1/1970,0:00,12.561,11.583,10.533,6.711,6.773,3.004,-0.458,-3.338,0
Seattle,West,12/1/1970,0:00,13.663,12.131,10.91,6.983,7.072,3.223,-0.658,-3.237,0
Seattle,West,1/1/1971,0:00,13.292,11.662,10.543,6.583,6.672,2.794,-0.628,-3.519,0
Seattle,West,2/1/1971,0:00,12.223,10.983,10.202,6.363,6.462,2.721,-0.287,-2.118,0
Seattle,West,3/1/1971,0:00,12.902,11.032,10.382,6.553,6.603,2.813,0.143,-1.718,0
Seattle,West,4/1/1971,0:00,11.852,11.052,10.241,6.452,6.511,2.771,-0.116,-3.279,0
Seattle,West,5/1/1971,0:00,11.842,11.071,9.982,6.232,6.271,2.551,-0.658,-3.748,0
Seattle,West,6/1/1971,0:00,12.321,11.222,10.113,6.344,6.412,2.702,-0.687,-3.148,0
Seattle,West,7/1/1971,0:00,12.052,11.032,10.143,6.353,6.432,2.721,-0.628,-3.089,0
Seattle,West,8/1/1971,0:00,12.331,10.891,10.212,6.412,6.501,2.794,-0.277,-2.616,0
Seattle,West,9/1/1971,0:00,12.062,10.733,10.162,6.353,6.383,2.603,0.002,-1.147,0
Seattle,West,10/1/1971,0:00,12.092,11.032,10.162,6.311,6.301,2.443,-0.008,-2.738,0
Seattle,West,11/1/1971,0:00,12.633,11.462,10.372,6.471,6.511,2.653,-0.668,-4.008,0
Seattle,West,12/1/1971,0:00,13.151,11.832,10.714,6.731,6.823,2.922,-0.947,-3.798,0
Seattle,West,1/1/1972,0:00,13.391,11.642,10.612,6.642,6.754,2.892,-0.727,-3.279,0
Seattle,West,2/1/1972,0:00,13.161,11.531,10.671,6.852,6.941,3.2,0.323,-1.767,0
Seattle,West,3/1/1972,0:00,12.603,11.261,10.553,6.832,6.872,3.191,0.861,-1.199,0
Seattle,West,4/1/1972,0:00,12.712,11.091,10.323,6.583,6.613,2.902,0.143,-3.099,0
Seattle,West,5/1/1972,0:00,11.993,11.163,10.162,6.344,6.403,2.633,-0.746,-4.027,0
Seattle,West,6/1/1972,0:00,12.142,11.363,10.271,6.422,6.481,2.692,-0.809,-3.929,0
Seattle,West,7/1/1972,0:00,12.111,11.403,10.441,6.531,6.593,2.741,-0.349,-3.519,0
Seattle,West,8/1/1972,0:00,12.121,11.193,10.523,6.553,6.642,2.771,-0.107,-2.387,0
Seattle,West,9/1/1972,0:00,12.062,10.822,10.343,6.491,6.521,2.702,0.051,-1.947,0
Seattle,West,10/1/1972,0:00,11.803,11.022,10.261,6.412,6.412,2.551,0.041,-3.597,0
Seattle,West,11/1/1972,0:00,12.721,11.731,10.641,6.754,6.783,2.922,-0.13,-4.208,0
Seattle,West,12/1/1972,0:00,13.912,11.852,10.812,6.921,7.013,3.214,-0.408,-3.227,0
Seattle,West,1/1/1973,0:00,13.361,11.823,10.91,7.032,7.141,3.381,-0.116,-2.63,0
Seattle,West,2/1/1973,0:00,12.282,11.403,10.671,6.823,6.891,3.102,0.323,-1.918,0
Seattle,West,3/1/1973,0:00,12.311,11.081,10.392,6.652,6.672,2.941,0.543,-0.897,0
Seattle,West,4/1/1973,0:00,11.153,10.513,9.693,5.901,5.891,2.092,-0.349,-2.977,0
Seattle,West,5/1/1973,0:00,11.531,10.973,10.031,6.101,6.153,2.272,-1.019,-4.027,0
Seattle,West,6/1/1973,0:00,11.763,11.111,10.123,6.173,6.242,2.361,-1.209,-4.569,0
Seattle,West,7/1/1973,0:00,11.813,10.953,10.162,6.153,6.202,2.233,-1.088,-4.329,0
Seattle,West,8/1/1973,0:00,11.842,10.782,10.113,6.183,6.212,2.302,-0.218,-2.157,0
Seattle,West,9/1/1973,0:00,11.583,10.481,10.011,6.193,6.202,2.384,0.031,-0.956,0
Seattle,West,10/1/1973,0:00,11.862,10.753,10.031,6.271,6.281,2.521,-0.107,-2.397,0
Seattle,West,11/1/1973,0:00,13.242,11.681,10.602,6.754,6.783,2.971,-0.159,-2.758,0
Seattle,West,12/1/1973,0:00,13.561,12.121,10.924,7.092,7.151,3.371,0.071,-3.778,0
Seattle,West,1/1/1974,0:00,14.044,11.721,10.671,6.773,6.852,3.033,-0.077,-4.09,0
Seattle,West,2/1/1974,0:00,12.482,11.291,10.533,6.672,6.711,2.882,0.113,-3.617,0
Seattle,West,3/1/1974,0:00,12.682,11.271,10.743,6.931,6.993,3.243,0.743,-0.697,0
Seattle,West,4/1/1974,0:00,12.193,11.143,10.363,6.583,6.583,2.803,0.294,-2.177,0
Seattle,West,5/1/1974,0:00,11.862,11.134,10.123,6.281,6.311,2.492,-0.369,-3.26,0
Seattle,West,6/1/1974,0:00,11.993,11.311,10.313,6.432,6.471,2.623,-0.707,-3.499,0
Seattle,West,7/1/1974,0:00,12.321,11.153,10.313,6.442,6.481,2.653,-0.579,-3.407,0
Seattle,West,8/1/1974,0:00,12.013,10.871,10.241,6.353,6.373,2.511,-0.169,-2.439,0
Seattle,West,9/1/1974,0:00,11.754,10.651,10.162,6.271,6.291,2.423,0.402,-1.347,0
Seattle,West,10/1/1974,0:00,11.173,10.582,9.972,6.134,6.091,2.213,-0.179,-2.239,0
Seattle,West,11/1/1974,0:00,12.141,11.33,10.412,6.531,6.544,2.662,-0.507,-3.148,0
Seattle,West,12/1/1974,0:00,12.971,11.721,10.612,6.642,6.681,2.751,-0.746,-4.099,0
Seattle,West,1/1/1975,0:00,13.263,11.412,10.461,6.491,6.511,2.551,-0.497,-3.378,0
Seattle,West,2/1/1975,0:00,13.053,11.462,10.714,6.832,6.872,3.023,0.523,-2.157,0
Seattle,West,3/1/1975,0:00,12.781,11.12,10.504,6.642,6.622,2.741,0.612,-1.967,0
Seattle,West,4/1/1975,0:00,12.223,10.743,10.071,6.232,6.222,2.361,-0.077,-2.908,0
Seattle,West,5/1/1975,0:00,11.412,10.924,9.933,6.091,6.111,2.292,-0.569,-3.437,0
Seattle,West,6/1/1975,0:00,11.763,10.992,9.982,6.163,6.173,2.351,-0.618,-3.05,0
Seattle,West,7/1/1975,0:00,12.282,11.012,10.123,6.291,6.321,2.531,-0.336,-2.758,1
Seattle,West,8/1/1975,0:00,11.823,10.612,10.071,6.242,6.271,2.462,-0.107,-2.849,0
Seattle,West,9/1/1975,0:00,11.973,10.442,10.032,6.153,6.132,2.223,0.08,-1.747,0
Seattle,West,10/1/1975,0:00,12.532,11.242,10.461,6.573,6.544,2.613,0.523,-1.808,0
Seattle,West,11/1/1975,0:00,12.331,11.642,10.642,6.752,6.752,2.853,-0.008,-2.406,0
Seattle,West,12/1/1975,0:00,13.443,11.612,10.504,6.563,6.573,2.643,-0.677,-3.319,0
Seattle,West,1/1/1976,0:00,12.462,11.412,10.513,6.593,6.622,2.731,-0.389,-3.138,0
Seattle,West,2/1/1976,0:00,13.062,11.301,10.582,6.773,6.793,2.99,0.602,-1.238,0
Seattle,West,3/1/1976,0:00,12.862,10.91,10.294,6.471,6.462,2.623,0.851,-0.938,0
Seattle,West,4/1/1976,0:00,12.662,10.861,10.202,6.403,6.383,2.561,0.281,-2.838,0
Seattle,West,5/1/1976,0:00,11.862,11.052,10.103,6.261,6.252,2.403,-0.477,-3.738,0
Seattle,West,6/1/1976,0:00,11.862,11.222,10.202,6.301,6.311,2.433,-0.658,-3.438,0
Seattle,West,7/1/1976,0:00,NaN,11.393,10.412,6.481,6.471,2.531,-0.287,NaN,11
Seattle,West,8/1/1976,0:00,12.062,11.052,10.422,6.511,6.501,2.58,0.261,-1.538,0
Seattle,West,9/1/1976,0:00,12.562,10.753,10.372,6.462,6.442,2.511,0.392,-0.738,0
Seattle,West,10/1/1976,0:00,12.862,11.022,10.313,6.393,6.373,2.433,0.333,-2.838,0
Seattle,West,11/1/1976,0:00,12.262,11.271,10.294,6.393,6.363,2.433,-0.139,-3.738,0
Seattle,West,12/1/1976,0:00,12.662,11.531,10.481,6.613,6.622,2.761,-0.326,-3.638,0
Seattle,West,1/1/1977,0:00,12.361,11.153,10.323,6.442,6.481,2.643,-0.379,-3.036,0
Seattle,West,2/1/1977,0:00,12.862,11.052,10.402,6.531,6.531,2.672,0.261,-1.838,0
Seattle,West,3/1/1977,0:00,12.562,10.622,10.08,6.261,6.281,2.472,0.523,-1.038,11
Seattle,West,4/1/1977,0:00,11.362,10.481,9.772,5.943,5.881,1.993,0.071,-2.138,0
Seattle,West,5/1/1977,0:00,12.262,11.173,10.251,6.33,6.301,2.351,-0.277,-2.84,0
Seattle,West,6/1/1977,0:00,12.262,11.143,10.202,6.202,6.222,2.242,-0.838,-3.838,1
Seattle,West,7/1/1977,0:00,11.862,11.012,10.221,6.173,6.173,2.131,-0.799,-3.538,0
Seattle,West,8/1/1977,0:00,11.862,11.012,10.441,6.501,6.462,2.492,0.294,-1.638,0
Seattle,West,9/1/1977,0:00,11.862,10.782,10.382,6.531,6.491,2.613,0.832,-0.038,0
Seattle,West,10/1/1977,0:00,12.162,10.924,10.323,6.491,6.452,2.594,0.504,-1.838,0
Seattle,West,11/1/1977,0:00,13.162,11.632,10.582,6.74,6.721,2.872,0.231,-2.338,0
Seattle,West,12/1/1977,0:00,14.462,12.223,11.071,7.213,7.203,3.342,0.392,-2.538,0
Seattle,West,1/1/1978,0:00,13.702,12.242,11.232,7.331,7.331,3.433,0.733,-2.588,0
Seattle,West,2/1/1978,0:00,14.132,11.662,11.071,7.16,7.151,3.243,0.901,-0.998,0
Seattle,West,3/1/1978,0:00,12.331,11.052,10.573,6.701,6.691,2.823,0.782,-0.448,0
Seattle,West,4/1/1978,0:00,11.962,11.111,10.412,6.573,6.531,2.662,0.543,-1.748,0
Seattle,West,5/1/1978,0:00,11.802,11.111,10.051,6.212,6.163,2.282,-0.116,-3.028,0
Seattle,West,6/1/1978,0:00,12.062,11.252,10.231,6.353,6.344,2.462,-0.428,-3.468,0
Seattle,West,7/1/1978,0:00,12.562,11.143,10.281,6.393,6.393,2.511,-0.399,-3.498,0
Seattle,West,8/1/1978,0:00,12.152,11.052,10.422,6.553,6.531,2.653,0.212,-2.298,0
Seattle,West,9/1/1978,0:00,11.542,10.851,10.372,6.553,6.501,2.633,0.842,-0.828,0
Seattle,West,10/1/1978,0:00,11.762,10.782,10.162,6.291,6.212,2.272,0.451,-1.138,0
Seattle,West,11/1/1978,0:00,11.922,11.202,10.221,6.321,6.271,2.331,-0.287,-2.388,0
Seattle,West,12/1/1978,0:00,12.342,11.432,10.333,6.353,6.33,2.331,-0.868,-4.168,0
Seattle,West,1/1/1979,0:00,12.292,11.491,10.504,6.462,6.442,2.384,-0.569,-4.088,0
Seattle,West,2/1/1979,0:00,12.872,11.544,10.812,6.931,6.941,3.073,0.723,-0.868,0
Seattle,West,3/1/1979,0:00,12.662,11.012,10.451,6.553,6.501,2.551,0.792,-0.698,0
Seattle,West,4/1/1979,0:00,11.711,10.861,10.202,6.363,6.321,2.443,0.363,-1.727,0
Seattle,West,5/1/1979,0:00,11.572,10.91,9.972,6.173,6.153,2.331,-0.218,-2.288,0
Seattle,West,6/1/1979,0:00,11.862,11.022,9.952,6.12,6.101,2.252,-0.569,-3.05,0
Seattle,West,7/1/1979,0:00,11.992,11.091,10.153,6.321,6.311,2.482,-0.169,-2.848,0
Seattle,West,8/1/1979,0:00,12.192,10.832,10.182,6.33,6.321,2.462,0.041,-3.228,0
Seattle,West,9/1/1979,0:00,12.632,10.7,10.294,6.422,6.403,2.511,0.481,-1.238,0
Seattle,West,10/1/1979,0:00,12.052,11.212,10.513,6.583,6.553,2.594,0.733,-1.239,0
Seattle,West,11/1/1979,0:00,12.492,11.544,10.49,6.563,6.521,2.551,0.192,-1.859,0
Seattle,West,12/1/1979,0:00,13.693,12.032,10.91,6.983,6.983,3.053,-0.067,-2.347,0
Seattle,West,1/1/1980,0:00,12.623,11.731,10.812,6.891,6.911,3.023,-0.107,-3.148,0
Seattle,West,2/1/1980,0:00,13.522,11.593,10.851,6.973,6.973,3.092,0.602,-2.088,0
Seattle,West,3/1/1980,0:00,12.292,11.111,10.471,6.662,6.622,2.781,1.012,-0.887,0
Seattle,West,4/1/1980,0:00,13.023,11.061,10.281,6.442,6.422,2.561,0.632,-1.409,0
Seattle,West,5/1/1980,0:00,11.891,11.111,10.143,6.311,6.252,2.361,-0.159,-2.968,0
Seattle,West,6/1/1980,0:00,11.74,11.242,10.212,6.33,6.344,2.462,-0.589,-2.84,0
Seattle,West,7/1/1980,0:00,12.062,11.101,10.192,6.242,6.252,2.311,-0.677,-2.728,0
Seattle,West,8/1/1980,0:00,11.921,10.983,10.294,6.353,6.33,2.37,0.002,-2.157,0
Seattle,West,9/1/1980,0:00,12.233,10.743,10.281,6.383,6.353,2.433,0.251,-0.779,0
Seattle,West,10/1/1980,0:00,12.131,10.91,10.172,6.311,6.271,2.37,0.212,-2.308,0
Seattle,West,11/1/1980,0:00,12.853,11.521,10.422,6.553,6.553,2.672,0.192,-3.617,0
Seattle,West,12/1/1980,0:00,13.391,11.973,10.714,6.911,6.911,3.112,0.172,-2.528,0
Seattle,West,1/1/1981,0:00,13.053,11.711,10.773,6.931,6.983,3.181,0.021,-2.249,0
Seattle,West,2/1/1981,0:00,13.082,11.33,10.641,6.763,6.783,2.922,0.271,-2.088,0
Seattle,West,3/1/1981,0:00,11.793,10.933,10.353,6.583,6.583,2.803,0.563,-1.019,0
Seattle,West,4/1/1981,0:00,11.773,10.963,10.143,6.344,6.311,2.482,0.431,-1.658,0
Seattle,West,5/1/1981,0:00,12.072,11.232,10.231,6.344,6.321,2.403,-0.087,-3.099,0
Seattle,West,6/1/1981,0:00,12.242,11.344,10.294,6.353,6.363,2.443,-0.579,-3.469,0
Seattle,West,7/1/1981,0:00,11.862,11.052,10.241,6.261,6.281,2.311,-0.917,-3.919,0
Seattle,West,8/1/1981,0:00,11.793,10.924,10.281,6.363,6.344,2.413,-0.238,-2.338,0
Seattle,West,9/1/1981,0:00,11.852,10.671,10.182,6.373,6.353,2.511,0.563,-0.878,0
Seattle,West,10/1/1981,0:00,11.823,11.081,10.402,6.603,6.573,2.751,0.602,-2.108,0
Seattle,West,11/1/1981,0:00,13.643,11.872,10.842,7.003,7.003,3.161,0.271,-1.8,0
Seattle,West,12/1/1981,0:00,13.62,12.141,10.91,7.052,7.072,3.243,-0.028,-3.437,0
Seattle,West,1/1/1982,0:00,12.662,11.681,10.612,6.731,6.754,2.892,-0.13,-3.958,0
Seattle,West,2/1/1982,0:00,12.492,11.452,10.733,6.852,6.891,3.043,0.303,-3.227,0
Seattle,West,3/1/1982,0:00,12.872,11.363,10.792,6.973,6.983,3.181,0.881,-1.288,0
Seattle,West,4/1/1982,0:00,12.341,11.393,10.543,6.773,6.763,2.971,0.573,-2.459,0
Seattle,West,5/1/1982,0:00,11.754,11.173,10.041,6.232,6.212,2.384,-0.248,-3.978,0
Seattle,West,6/1/1982,0:00,12.531,11.573,10.402,6.531,6.544,2.682,-0.379,-3.929,0
Seattle,West,7/1/1982,0:00,12.092,11.301,10.333,6.471,6.511,2.692,-0.527,-3.866,0
Seattle,West,8/1/1982,0:00,11.701,11.022,10.343,6.481,6.511,2.692,-0.208,-2.968,0
Seattle,West,9/1/1982,0:00,11.95,10.973,10.431,6.593,6.583,2.731,0.451,-1.649,0
Seattle,West,10/1/1982,0:00,12.151,11.452,10.632,6.803,6.763,2.892,0.842,-1.189,0
Seattle,West,11/1/1982,0:00,13.401,12.193,11.052,7.193,7.183,3.322,0.422,-2.088,0
Seattle,West,12/1/1982,0:00,14.113,12.452,11.281,7.311,7.341,3.401,-0.116,-3.88,0
Seattle,West,1/1/1983,0:00,14.483,12.771,11.642,7.653,7.741,3.844,0.353,-2.997,0
Seattle,West,2/1/1983,0:00,13.371,12.423,11.583,7.712,7.731,3.893,1.052,-1.429,0
Seattle,West,3/1/1983,0:00,13.391,12.023,11.291,7.433,7.443,3.591,1.432,-0.487,0
Seattle,West,4/1/1983,0:00,12.433,11.252,10.49,6.711,6.691,2.892,0.504,-1.347,0
Seattle,West,5/1/1983,0:00,12.072,11.383,10.343,6.573,6.593,2.833,-0.107,-3.027,0
Seattle,West,6/1/1983,0:00,12.361,11.544,10.392,6.593,6.622,2.853,-0.418,-3.417,0
Seattle,West,7/1/1983,0:00,12.511,11.521,10.504,6.711,6.754,2.99,-0.116,-3.719,0
Seattle,West,8/1/1983,0:00,12.223,11.252,10.543,6.711,6.754,2.961,0.094,-3.227,0
Seattle,West,9/1/1983,0:00,12.052,10.953,10.441,6.603,6.622,2.803,0.221,-2.288,0
Seattle,West,10/1/1983,0:00,12.092,11.232,10.431,6.553,6.563,2.692,0.271,-1.439,0
Seattle,West,11/1/1983,0:00,13.2,12.433,11.281,7.413,7.413,3.542,0.881,-2.288,0
Seattle,West,12/1/1983,0:00,12.833,11.842,10.681,6.773,6.823,2.961,-0.507,-3.929,0
Seattle,West,1/1/1984,0:00,13.602,11.573,10.49,6.583,6.662,2.833,-0.779,-4.008,0
Seattle,West,2/1/1984,0:00,12.952,11.613,10.723,6.911,6.983,3.233,0.231,-2.618,0
Seattle,West,3/1/1984,0:00,13.052,11.301,10.533,6.793,6.803,3.063,0.743,-0.918,0
Seattle,West,4/1/1984,0:00,12.482,11.081,10.221,6.491,6.491,2.751,0.461,-1.508,0
Seattle,West,5/1/1984,0:00,12.172,11.232,10.231,6.452,6.481,2.741,-0.379,-2.868,0
Seattle,West,6/1/1984,0:00,12.142,11.301,10.231,6.403,6.422,2.613,-0.858,-3.498,0
Seattle,West,7/1/1984,0:00,12.212,11.281,10.313,6.383,6.452,2.58,-0.979,-3.238,0
Seattle,West,8/1/1984,0:00,12.292,11.222,10.431,6.544,6.573,2.721,-0.13,-2.298,0
Seattle,West,9/1/1984,0:00,11.952,11.002,10.422,6.573,6.603,2.781,0.143,-1.298,0
Seattle,West,10/1/1984,0:00,12.242,11.301,10.431,6.662,6.681,2.931,0.221,-2.568,0
Seattle,West,11/1/1984,0:00,13.272,12.213,10.973,7.16,7.193,3.41,0.353,-2.948,0
Seattle,West,12/1/1984,0:00,12.772,11.823,10.553,6.701,6.773,3.004,-0.34,-3.608,0
Seattle,West,1/1/1985,0:00,12.462,11.291,10.323,6.481,6.583,2.843,-0.746,-2.948,0
Seattle,West,2/1/1985,0:00,12.922,11.002,10.212,6.311,6.383,2.561,-0.55,-3.328,0
Seattle,West,3/1/1985,0:00,12.062,10.733,10.011,6.252,6.311,2.603,-0.149,-1.808,0
Seattle,West,4/1/1985,0:00,12.032,11.002,10.103,6.321,6.33,2.551,-0.098,-2.358,0
Seattle,West,5/1/1985,0:00,12.072,11.153,10.071,6.261,6.252,2.423,-0.497,-3.578,0
Seattle,West,6/1/1985,0:00,12.252,11.311,10.281,6.383,6.442,2.594,-1.009,-3.698,0
Seattle,West,7/1/1985,0:00,12.003,11.252,10.372,6.432,6.531,2.702,-1.048,-3.719,0
Seattle,West,8/1/1985,0:00,11.701,10.943,10.221,6.353,6.403,2.571,-0.55,-2.367,0
Seattle,West,9/1/1985,0:00,12.502,10.953,10.313,6.521,6.531,2.751,0.363,-1.357,0
Seattle,West,10/1/1985,0:00,12.37,11.032,10.271,6.501,6.544,2.823,0.103,-2.777,0
Seattle,West,11/1/1985,0:00,12.341,11.353,10.251,6.442,6.501,2.751,-0.507,-4.008,0
Seattle,West,12/1/1985,0:00,12.571,11.511,10.294,6.412,6.491,2.682,-1.078,-4.779,0
Seattle,West,1/1/1986,0:00,13.033,12.082,10.973,7.052,7.131,3.292,-0.238,-3.479,0
Seattle,West,2/1/1986,0:00,13.013,11.823,10.953,7.092,7.183,3.41,0.333,-3.109,0
Seattle,West,3/1/1986,0:00,12.551,11.403,10.763,6.832,6.872,2.981,0.422,-1.658,0
Seattle,West,4/1/1986,0:00,12.223,10.933,10.143,6.311,6.344,2.531,-0.277,-3.217,0
Seattle,West,5/1/1986,0:00,12.502,11.363,10.202,6.462,6.481,2.771,-0.359,-3.899,0
Seattle,West,6/1/1986,0:00,11.993,11.422,10.281,6.452,6.521,2.751,-0.707,-4.487,0
Seattle,West,7/1/1986,0:00,11.852,11.134,10.212,6.393,6.501,2.803,-0.789,-4.149,0
Seattle,West,8/1/1986,0:00,11.832,11.022,10.281,6.462,6.553,2.833,-0.408,-2.908,0
Seattle,West,9/1/1986,0:00,11.862,10.953,10.281,6.491,6.521,2.771,0.103,-1.419,0
Seattle,West,10/1/1986,0:00,11.721,11.061,10.202,6.403,6.393,2.58,0.143,-2.137,0
Seattle,West,11/1/1986,0:00,12.682,11.501,10.382,6.553,6.593,2.794,-0.448,-3.548,0
Seattle,West,12/1/1986,0:00,12.99,12.023,10.851,6.872,6.973,3.102,-0.927,-4.388,0
Seattle,West,1/1/1987,0:00,14.254,11.95,10.832,6.852,6.993,3.161,-0.668,-3.509,0
Seattle,West,2/1/1987,0:00,14.303,11.773,10.812,6.964,7.032,3.253,0.162,-2.607,0
Seattle,West,3/1/1987,0:00,13.122,11.573,10.733,6.921,6.964,3.191,0.773,-1.189,0
Seattle,West,4/1/1987,0:00,11.553,10.91,10.143,6.412,6.442,2.741,0.021,-2.029,0
Seattle,West,5/1/1987,0:00,11.823,11.373,10.294,6.544,6.613,2.922,-0.408,-3.397,0
Seattle,West,6/1/1987,0:00,12.252,11.363,10.172,6.383,6.462,2.751,-0.907,-4.286,0
Seattle,West,7/1/1987,0:00,12.433,11.471,10.431,6.603,6.691,2.941,-0.477,-4.198,0
Seattle,West,8/1/1987,0:00,12.882,11.081,10.294,6.452,6.521,2.761,-0.258,-3.348,0
Seattle,West,9/1/1987,0:00,12.082,10.822,10.251,6.412,6.481,2.712,-0.149,-2.338,0
Seattle,West,10/1/1987,0:00,12.121,11.042,10.221,6.373,6.422,2.623,-0.139,-2.708,0
Seattle,West,11/1/1987,0:00,12.803,11.672,10.49,6.652,6.672,2.863,-0.169,-2.997,0
Seattle,West,12/1/1987,0:00,14.152,12.023,10.782,6.891,6.993,3.191,-0.589,-4.277,0
Seattle,West,1/1/1988,0:00,12.702,11.74,10.681,6.783,6.911,3.132,-0.628,-4.057,0
Seattle,West,2/1/1988,0:00,11.681,11.002,10.113,6.301,6.393,2.662,-0.428,-3.699,0
Seattle,West,3/1/1988,0:00,12.443,10.924,10.094,6.363,6.393,2.682,0.212,-1.878,0
Seattle,West,4/1/1988,0:00,12.032,11.071,10.202,6.471,6.501,2.803,0.202,-2.377,0
Seattle,West,5/1/1988,0:00,11.862,11.281,10.231,6.462,6.521,2.813,-0.589,-2.826,0
Seattle,West,6/1/1988,0:00,12.403,11.363,10.261,6.422,6.511,2.761,-1.019,-3.637,0
Seattle,West,7/1/1988,0:00,12.272,11.271,10.333,6.373,6.432,2.531,-1.038,-3.558,0
Seattle,West,8/1/1988,0:00,12.272,11.101,10.333,6.403,6.462,2.58,-0.307,-2.489,0
Seattle,West,9/1/1988,0:00,12.223,10.691,10.123,6.301,6.344,2.551,-0.189,-2.039,0
Seattle,West,10/1/1988,0:00,11.832,10.943,10.094,6.33,6.363,2.623,-0.307,-3.417,0
Seattle,West,11/1/1988,0:00,13.542,11.911,10.651,6.882,6.941,3.223,-0.067,-2.616,0
Seattle,West,12/1/1988,0:00,12.384,11.481,10.261,6.412,6.521,2.781,-0.779,-3.588,0
Seattle,West,1/1/1989,0:00,12.781,11.261,10.261,6.452,6.583,2.902,-0.658,-3.647,0
Seattle,West,2/1/1989,0:00,12.174,10.901,10.153,6.222,6.311,2.482,-0.707,-3.909,0
Seattle,West,3/1/1989,0:00,13.181,11.252,10.563,6.813,6.901,3.233,0.363,-1.268,0
Seattle,West,4/1/1989,0:00,12.151,11.134,10.212,6.462,6.481,2.751,-0.048,-2.987,0
Seattle,West,5/1/1989,0:00,12.111,11.344,10.251,6.442,6.481,2.702,-0.458,-3.588,0
Seattle,West,6/1/1989,0:00,12.252,11.353,10.313,6.422,6.521,2.731,-1.058,-3.88,0
Seattle,West,7/1/1989,0:00,12.032,11.212,10.333,6.422,6.544,2.751,-0.956,-3.05,0
Seattle,West,8/1/1989,0:00,12.452,10.953,10.241,6.373,6.432,2.623,-0.399,-2.269,0
Seattle,West,9/1/1989,0:00,12.613,10.871,10.271,6.452,6.462,2.662,0.261,-1.698,0
Seattle,West,10/1/1989,0:00,12.223,10.963,10.231,6.462,6.462,2.692,-0.087,-3.168,0
Seattle,West,11/1/1989,0:00,12.233,11.373,10.313,6.501,6.563,2.813,-0.628,-4.477,0
Seattle,West,12/1/1989,0:00,12.403,11.462,10.333,6.442,6.583,2.823,-1.068,-4.628,0
Seattle,West,1/1/1990,0:00,13.141,11.813,10.773,6.852,6.941,3.112,-0.267,-3.378,0
Seattle,West,2/1/1990,0:00,13.102,11.321,10.533,6.711,6.803,3.073,0.123,-2.069,0
Seattle,West,3/1/1990,0:00,12.351,10.983,10.382,6.481,6.501,2.633,0.031,-2.538,0
Seattle,West,4/1/1990,0:00,12.252,11.012,10.231,6.422,6.471,2.712,-0.198,-3.378,0
Seattle,West,5/1/1990,0:00,12.482,11.212,10.162,6.373,6.412,2.653,-0.527,-4.076,0
Seattle,West,6/1/1990,0:00,12.042,11.442,10.353,6.553,6.622,2.882,-0.507,-4.008,0
Seattle,West,7/1/1990,0:00,11.983,11.111,10.281,6.471,6.563,2.853,-0.55,-3.217,0
Seattle,West,8/1/1990,0:00,12.092,10.992,10.343,6.544,6.652,2.951,-0.087,-1.927,0
Seattle,West,9/1/1990,0:00,11.823,10.891,10.294,6.511,6.531,2.771,0.261,-0.897,0
Seattle,West,10/1/1990,0:00,11.993,11.134,10.303,6.501,6.501,2.702,0.231,-2.797,0
Seattle,West,11/1/1990,0:00,12.502,11.74,10.651,6.803,6.832,3.023,-0.277,-3.817,0
Seattle,West,12/1/1990,0:00,13.381,11.701,10.592,6.642,6.721,2.853,-1.009,-4.477,0
Seattle,West,1/1/1991,0:00,12.423,11.511,10.563,6.573,6.672,2.771,-0.789,-4.349,0
Seattle,West,2/1/1991,0:00,13.424,11.622,10.802,6.973,7.062,3.332,0.504,-1.718,0
Seattle,West,3/1/1991,0:00,12.712,11.321,10.671,6.872,6.891,3.102,0.842,-0.799,0
Seattle,West,4/1/1991,0:00,11.731,10.943,10.182,6.432,6.422,2.672,0.031,-2.649,0
Seattle,West,5/1/1991,0:00,12.003,11.071,10.094,6.301,6.353,2.613,-0.677,-3.679,0
Seattle,West,6/1/1991,0:00,11.983,11.212,10.113,6.281,6.353,2.58,-0.907,-4.329,0
Seattle,West,7/1/1991,0:00,12.321,11.212,10.212,6.344,6.403,2.594,-0.55,-3.88,0
Seattle,West,8/1/1991,0:00,12.111,11.202,10.471,6.622,6.662,2.853,0.162,-2.469,0
Seattle,West,9/1/1991,0:00,11.823,10.723,10.251,6.403,6.422,2.594,0.021,-1.439,0
Seattle,West,10/1/1991,0:00,11.973,11.012,10.261,6.422,6.422,2.594,-0.018,-2.338,0
Seattle,West,11/1/1991,0:00,12.511,11.511,10.504,6.563,6.613,2.712,-0.287,-3.607,0
Seattle,West,12/1/1991,0:00,13.282,11.793,10.661,6.773,6.842,3.013,-0.527,-3.889,0
Seattle,West,1/1/1992,0:00,13.702,12.003,11.022,7.141,7.252,3.473,0.041,-3.427,0
Seattle,West,2/1/1992,0:00,13.473,12.092,11.311,7.482,7.541,3.761,0.973,-1.448,0
Seattle,West,3/1/1992,0:00,12.302,11.373,10.681,6.95,6.95,3.223,0.992,-0.34,0
Seattle,West,4/1/1992,0:00,12.872,11.393,10.602,6.852,6.852,3.102,0.714,-1.557,0
Seattle,West,5/1/1992,0:00,11.823,11.212,10.303,6.452,6.491,2.682,-0.477,-2.607,0
Seattle,West,6/1/1992,0:00,12.331,11.383,10.402,6.481,6.553,2.702,-0.799,-3.647,0
Seattle,West,7/1/1992,0:00,12.633,11.363,10.553,6.553,6.573,2.58,-0.638,-3.289,0
Seattle,West,8/1/1992,0:00,12.393,11.111,10.431,6.471,6.481,2.541,0.031,-2.187,0
Seattle,West,9/1/1992,0:00,12.331,10.943,10.422,6.563,6.553,2.672,0.313,-1.088,0
Seattle,West,10/1/1992,0:00,12.613,11.242,10.504,6.672,6.672,2.843,0.251,-2.328,0
Seattle,West,11/1/1992,0:00,12.971,11.501,10.451,6.632,6.642,2.823,-0.218,-2.587,0
Seattle,West,12/1/1992,0:00,12.872,11.852,10.7,6.852,6.891,3.092,-0.116,-2.84,0
Seattle,West,1/1/1993,0:00,13.122,11.852,10.91,6.987,7.075,3.24,0.116,-2.948,0
Seattle,West,2/1/1993,0:00,13.191,11.448,10.763,6.862,6.883,3.004,0.307,-2.197,0
Seattle,West,3/1/1993,0:00,12.111,11.114,10.546,6.744,6.775,3.004,0.536,-1.068,0
Seattle,West,4/1/1993,0:00,12.712,11.304,10.54,6.763,6.757,2.974,0.487,-1.478,0
Seattle,West,5/1/1993,0:00,12.292,11.649,10.668,6.839,6.844,3.02,0.261,-2.616,0
Seattle,West,6/1/1993,0:00,12.571,11.524,10.595,6.681,6.732,2.869,-0.408,-2.397,0
Seattle,West,7/1/1993,0:00,12.193,11.15,10.379,6.452,6.503,2.626,-0.569,-2.557,0
Seattle,West,8/1/1993,0:00,12.413,10.973,10.363,6.471,6.476,2.59,-0.008,-1.927,0
Seattle,West,9/1/1993,0:00,12.292,10.769,10.277,6.432,6.399,2.521,0.586,-1.17,0
Seattle,West,10/1/1993,0:00,12.531,10.914,10.313,6.468,6.437,2.561,0.202,-2.548,0
Seattle,West,11/1/1993,0:00,12.131,11.127,10.179,6.304,6.316,2.452,-0.622,-3.739,0
Seattle,West,12/1/1993,0:00,13.273,11.796,10.756,6.816,6.895,3.033,-0.356,-2.508,0
Seattle,West,1/1/1994,0:00,13.342,11.691,10.733,6.77,6.791,2.849,-0.133,-2.577,0
Seattle,West,2/1/1994,0:00,12.561,11.465,10.746,6.908,6.934,3.122,0.704,-1.419,0
Seattle,West,3/1/1994,0:00,12.99,11.094,10.507,6.629,6.606,2.705,0.569,-1.777,0
Seattle,West,4/1/1994,0:00,12.482,10.943,10.284,6.406,6.394,2.505,0.074,-3.269,0
Seattle,West,5/1/1994,0:00,11.983,11.232,10.251,6.386,6.386,2.521,-0.281,-3.788,0
Seattle,West,6/1/1994,0:00,11.901,11.268,10.258,6.409,6.421,2.584,-0.369,-3.456,0
Seattle,West,7/1/1994,0:00,11.993,11.009,10.202,6.383,6.407,2.613,-0.258,-2.387,0
Seattle,West,8/1/1994,0:00,12.013,10.782,10.264,6.439,6.475,2.685,0.166,-1.478,0
Seattle,West,9/1/1994,0:00,12.141,10.717,10.284,6.452,6.439,2.594,0.527,-0.559,0
Seattle,West,10/1/1994,0:00,12.58,11.104,10.359,6.511,6.465,2.571,0.576,-1.878,0
Seattle,West,11/1/1994,0:00,12.843,11.675,10.655,6.76,6.744,2.833,0.044,-2.616,0
Seattle,West,12/1/1994,0:00,13.401,12.311,11.209,7.203,7.228,3.246,-0.113,-3.689,0
Seattle,West,1/1/1995,0:00,13.181,12.426,11.521,7.528,7.567,3.614,0.464,-3.207,0
Seattle,West,2/1/1995,0:00,13.073,11.553,10.796,6.947,6.972,3.148,0.737,-0.917,0
Seattle,West,3/1/1995,0:00,13.381,11.622,11.025,7.246,7.218,3.41,1.649,0.162,0
Seattle,West,4/1/1995,0:00,11.901,10.999,10.343,6.557,6.535,2.728,0.533,-2.269,0
Seattle,West,5/1/1995,0:00,12.141,11.225,10.313,6.462,6.426,2.538,-0.195,-3.187,0
Seattle,West,6/1/1995,0:00,12.423,11.337,10.32,6.465,6.471,2.623,-0.389,-3.328,0
Seattle,West,7/1/1995,0:00,12.101,11.383,10.474,6.576,6.586,2.698,-0.113,-3.079,0
Seattle,West,8/1/1995,0:00,11.773,11.127,10.435,6.534,6.516,2.597,0.412,-2.259,0
Seattle,West,9/1/1995,0:00,12.082,10.835,10.422,6.544,6.516,2.61,0.592,-0.989,0
Seattle,West,10/1/1995,0:00,11.711,10.96,10.264,6.419,6.386,2.508,0.372,-2.197,0
Seattle,West,11/1/1995,0:00,13.361,11.744,10.763,6.819,6.818,2.872,0.418,-2.679,0
Seattle,West,12/1/1995,0:00,13.702,12.183,11.094,7.242,7.251,3.407,0.425,-3.269,0
Seattle,West,1/1/1996,0:00,13.036,11.685,10.828,6.983,7.021,3.214,0.231,-2.485,0
Seattle,West,2/1/1996,0:00,13.896,11.681,11.025,7.19,7.198,3.371,0.953,-1.33,0
Seattle,West,3/1/1996,0:00,11.977,10.924,10.359,6.596,6.576,2.794,0.878,-0.576,0
Seattle,West,4/1/1996,0:00,12.449,11.304,10.573,6.806,6.763,2.954,1.068,-0.75,0
Seattle,West,5/1/1996,0:00,11.95,11.268,10.343,6.475,6.46,2.577,0.025,-2.285,0
Seattle,West,6/1/1996,0:00,12.121,11.216,10.221,6.304,6.306,2.39,-0.664,-3.125,0
Seattle,West,7/1/1996,0:00,12.272,11.324,10.494,6.442,6.453,2.413,-0.563,-3.269,0
Seattle,West,8/1/1996,0:00,12.285,11.029,10.418,6.416,6.388,2.357,0.126,-1.839,0
Seattle,West,9/1/1996,0:00,11.763,10.792,10.333,6.412,6.371,2.41,0.55,-0.54,0
Seattle,West,10/1/1996,0:00,12.387,10.999,10.408,6.531,6.498,2.587,0.474,-1.691,0
Seattle,West,11/1/1996,0:00,12.905,11.422,10.415,6.56,6.54,2.666,0.087,-2.308,0
Seattle,West,12/1/1996,0:00,13.158,12.197,10.979,7.134,7.11,3.24,0.317,-2.633,0
Seattle,West,1/1/1997,0:00,14.037,11.944,10.96,7.128,7.147,3.335,0.622,-3.237,0
Seattle,West,2/1/1997,0:00,12.685,11.153,10.494,6.59,6.594,2.695,0.369,-2.324,0
Seattle,West,3/1/1997,0:00,12.423,11.025,10.513,6.77,6.755,2.997,0.914,-0.979,0
Seattle,West,4/1/1997,0:00,11.868,11.009,10.281,6.465,6.419,2.557,0.458,-1.406,0
Seattle,West,5/1/1997,0:00,12.574,11.521,10.507,6.652,6.603,2.698,0.359,-1.924,0
Seattle,West,6/1/1997,0:00,12.436,11.691,10.704,6.777,6.77,2.836,0.028,-2.452,0
Seattle,West,7/1/1997,0:00,12.42,11.439,10.579,6.632,6.644,2.708,-0.143,-2.416,0
Seattle,West,8/1/1997,0:00,12.472,11.301,10.733,6.836,6.827,2.922,0.474,-1.78,0
Seattle,West,9/1/1997,0:00,12.843,11.209,10.717,6.885,6.847,2.977,1.199,-0.11,0
Seattle,West,10/1/1997,0:00,12.298,11.468,10.865,7.062,7.018,3.171,1.386,-1.491,0
Seattle,West,11/1/1997,0:00,13.207,12.285,11.304,7.439,7.42,3.535,0.963,-1.737,0
Seattle,West,12/1/1997,0:00,13.922,12.308,11.183,7.223,7.241,3.299,0.176,-2.183,0
Seattle,West,1/1/1998,0:00,13.84,12.813,11.783,7.79,7.803,3.824,0.874,-1.655,0
Seattle,West,2/1/1998,0:00,13.699,12.443,11.672,7.803,7.808,3.945,1.521,-1.225,0
Seattle,West,3/1/1998,0:00,12.659,11.37,10.799,6.855,6.813,2.826,1.022,-0.661,0
Seattle,West,4/1/1998,0:00,11.931,11.111,10.431,6.557,6.514,2.597,0.497,-2.429,0
Seattle,West,5/1/1998,0:00,12.275,11.531,10.51,6.662,6.627,2.744,0.189,-2.584,0
Seattle,West,6/1/1998,0:00,11.983,11.511,10.422,6.553,6.542,2.662,-0.146,-2.564,0
Seattle,West,7/1/1998,0:00,12.154,11.288,10.363,6.534,6.516,2.669,0.044,-2.318,0
Seattle,West,8/1/1998,0:00,11.849,10.822,10.271,6.442,6.44,2.61,0.143,-1.836,0
Seattle,West,9/1/1998,0:00,12.219,10.779,10.369,6.501,6.481,2.594,0.487,-1.058,0
Seattle,West,10/1/1998,0:00,12.328,11.078,10.294,6.462,6.424,2.554,0.553,-1.202,0
Seattle,West,11/1/1998,0:00,13.184,12.147,11.015,7.141,7.108,3.2,0.815,-2.462,0
Seattle,West,12/1/1998,0:00,13.489,11.806,10.684,6.74,6.754,2.823,-0.3,-3.194,0
Seattle,West,1/1/1999,0:00,13.191,11.816,10.851,6.895,6.931,3.01,-0.228,-3.866,0
Seattle,West,2/1/1999,0:00,12.767,11.96,11.225,7.407,7.428,3.63,0.963,-2.216,0
Seattle,West,3/1/1999,0:00,13.013,11.629,10.937,7.085,7.067,3.197,1.196,-0.523,0
Seattle,West,4/1/1999,0:00,11.993,10.845,10.156,6.33,6.283,2.41,0.431,-2.177,0
Seattle,West,5/1/1999,0:00,12.01,11.088,10.185,6.324,6.299,2.413,-0.225,-3.082,0
Seattle,West,6/1/1999,0:00,12.262,11.288,10.32,6.455,6.458,2.597,-0.477,-3.473,0
Seattle,West,7/1/1999,0:00,11.944,11.255,10.382,6.468,6.475,2.567,-0.474,-3.627,0
Seattle,West,8/1/1999,0:00,11.793,11.068,10.431,6.517,6.506,2.58,0.159,-2.328,0
Seattle,West,9/1/1999,0:00,11.721,10.71,10.271,6.33,6.309,2.347,0.228,-1.412,0
Seattle,West,10/1/1999,0:00,12.6,10.825,10.192,6.304,6.245,2.298,0.136,-2.17,0
Seattle,West,11/1/1999,0:00,12.754,11.934,10.805,6.918,6.898,2.99,0.336,-3.21,0
Seattle,West,12/1/1999,0:00,12.456,11.711,10.481,6.649,6.654,2.826,-0.146,-4.362,0
Seattle,West,1/1/2000,0:00,12.843,11.681,10.678,6.829,6.87,3.063,-0.149,-3.099,0
Seattle,West,2/1/2000,0:00,12.813,11.695,10.969,7.078,7.11,3.25,0.464,-2.554,0
Seattle,West,3/1/2000,0:00,11.747,10.907,10.241,6.521,6.514,2.787,0.543,-0.927,0
Seattle,West,4/1/2000,0:00,11.813,11.029,10.221,6.429,6.393,2.564,0.464,-1.35,0
Seattle,West,5/1/2000,0:00,12.069,11.366,10.376,6.55,6.537,2.698,0.166,-2.462,0
Seattle,West,6/1/2000,0:00,12.275,11.458,10.435,6.511,6.529,2.623,-0.546,-3.545,0
Seattle,West,7/1/2000,0:00,12.233,11.37,10.49,6.491,6.527,2.564,-0.782,-3.83,0
Seattle,West,8/1/2000,0:00,12.164,11.032,10.402,6.409,6.416,2.429,-0.33,-3.325,0
Seattle,West,9/1/2000,0:00,12.039,10.874,10.326,6.445,6.424,2.521,0.474,-1.042,0
Seattle,West,10/1/2000,0:00,12.157,11.084,10.408,6.57,6.555,2.702,0.458,-1.166,0
Seattle,West,11/1/2000,0:00,12.328,11.307,10.231,6.386,6.381,2.531,-0.281,-3.03,0
Seattle,West,12/1/2000,0:00,12.718,11.645,10.408,6.544,6.56,2.712,-0.504,-3.758,0
Seattle,West,1/1/2001,0:00,13.053,11.744,10.576,6.688,6.701,2.826,-0.369,-3.132,0
Seattle,West,2/1/2001,0:00,12.324,11.196,10.445,6.498,6.535,2.626,-0.071,-3.942,0
Seattle,West,3/1/2001,0:00,12.029,10.881,10.3,6.481,6.47,2.639,0.294,-1.504,0
Seattle,West,4/1/2001,0:00,11.786,10.933,10.143,6.33,6.337,2.531,0.005,-1.688,0
Seattle,West,5/1/2001,0:00,12.069,11.229,10.11,6.284,6.253,2.397,-0.323,-2.964,0
Seattle,West,6/1/2001,0:00,12.361,11.357,10.228,6.324,6.335,2.443,-0.628,-3.761,0
Seattle,West,7/1/2001,0:00,12.088,11.206,10.284,6.347,6.407,2.531,-0.766,-3.63,0
Seattle,West,8/1/2001,0:00,12.295,11.101,10.349,6.488,6.532,2.715,-0.244,-3.223,0
Seattle,West,9/1/2001,0:00,11.74,10.858,10.248,6.439,6.43,2.613,0.31,-1.662,0
Seattle,West,10/1/2001,0:00,11.832,10.966,10.212,6.416,6.393,2.574,0.513,-1.826,0
Seattle,West,11/1/2001,0:00,13.099,11.823,10.766,6.957,6.967,3.168,0.346,-2.305,0
Seattle,West,12/1/2001,0:00,13.092,12.078,10.901,7.023,7.08,3.26,-0.205,-2.721,0
Seattle,West,1/1/2002,0:00,13.43,11.957,10.933,6.941,7.019,3.105,-0.425,-3.387,0
Seattle,West,2/1/2002,0:00,12.603,11.383,10.513,6.701,6.747,2.981,0.113,-2.905,0
Seattle,West,3/1/2002,0:00,12.16,11.202,10.497,6.576,6.568,2.639,0.422,-1.445,0
Seattle,West,4/1/2002,0:00,12.223,11.045,10.212,6.357,6.348,2.485,-0.021,-2.676,0
Seattle,West,5/1/2002,0:00,12.242,11.242,10.139,6.307,6.321,2.502,-0.566,-2.902,0
Seattle,West,6/1/2002,0:00,12.341,11.363,10.215,6.396,6.429,2.643,-0.681,-3.056,0
Seattle,West,7/1/2002,0:00,12.347,11.271,10.287,6.481,6.521,2.754,-0.366,-3.105,0
Seattle,West,8/1/2002,0:00,12.302,10.976,10.294,6.462,6.48,2.666,-0.166,-3.05,0
Seattle,West,9/1/2002,0:00,12.174,10.937,10.389,6.524,6.55,2.712,0.09,-1.836,0
Seattle,West,10/1/2002,0:00,11.947,10.92,10.11,6.288,6.291,2.472,-0.11,-1.987,0
Seattle,West,11/1/2002,0:00,13.443,11.921,10.697,6.829,6.832,2.968,0.139,-2.485,0
Seattle,West,12/1/2002,0:00,13.548,12.594,11.383,7.443,7.508,3.634,0.09,-3.466,0
Seattle,West,1/1/2003,0:00,14.211,12.137,11.088,7.085,7.192,3.296,-0.445,-2.754,0
Seattle,West,2/1/2003,0:00,12.538,11.399,10.523,6.688,6.747,2.971,-0.123,-2.069,0
Seattle,West,3/1/2003,0:00,13.223,11.504,10.704,6.901,6.939,3.174,0.651,-1.124,0
Seattle,West,4/1/2003,0:00,12.626,11.475,10.628,6.888,6.893,3.158,0.796,-2.347,0
Seattle,West,5/1/2003,0:00,12.137,11.245,10.251,6.458,6.483,2.715,-0.402,-4.191,0
Seattle,West,6/1/2003,0:00,12.216,11.317,10.244,6.399,6.468,2.692,-0.91,-4.093,0
Seattle,West,7/1/2003,0:00,12.121,11.284,10.359,6.462,6.545,2.731,-0.904,-3.555,0
Seattle,West,8/1/2003,0:00,12.147,11.281,10.54,6.652,6.698,2.856,-0.064,-2.482,0
Seattle,West,9/1/2003,0:00,12.2,10.976,10.353,6.491,6.516,2.679,0.113,-1.291,0
Seattle,West,10/1/2003,0:00,12.567,11.429,10.628,6.777,6.773,2.918,0.198,-2.856,0
Seattle,West,11/1/2003,0:00,12.912,11.747,10.661,6.78,6.79,2.918,-0.116,-3.896,0
Seattle,West,12/1/2003,0:00,13.926,12.462,11.114,7.288,7.347,3.581,0.179,-3.273,0
Seattle,West,1/1/2004,0:00,13.223,12.006,10.992,7.157,7.274,3.555,-0.061,-3.916,0
Seattle,West,2/1/2004,0:00,12.511,11.642,10.845,7.01,7.108,3.371,0.218,-2.023,0
Seattle,West,3/1/2004,0:00,11.888,11.111,10.297,6.616,6.665,3.033,0.317,-1.189,0
Seattle,West,4/1/2004,0:00,11.928,11.179,10.238,6.485,6.498,2.758,0.149,-2.456,0
Seattle,West,5/1/2004,0:00,12.118,11.465,10.379,6.537,6.562,2.744,-0.189,-3.312,0
Seattle,West,6/1/2004,0:00,12.459,11.537,10.445,6.524,6.603,2.761,-0.901,-4.254,0
Seattle,West,7/1/2004,0:00,12.308,11.514,10.559,6.553,6.665,2.771,-1.052,-4.175,0
Seattle,West,8/1/2004,0:00,12.18,11.33,10.556,6.616,6.683,2.81,-0.385,-3.348,0
Seattle,West,9/1/2004,0:00,12.082,11.17,10.497,6.652,6.678,2.859,0.435,-1.006,0
Seattle,West,10/1/2004,0:00,12.541,11.294,10.51,6.701,6.726,2.941,0.264,-1.501,0
Seattle,West,11/1/2004,0:00,12.915,11.406,10.29,6.485,6.544,2.797,-0.513,-3.25,0
Seattle,West,12/1/2004,0:00,12.908,11.95,10.668,6.796,6.89,3.112,-0.674,-3.988,0
Seattle,West,1/1/2005,0:00,13.112,12.249,11.035,7.121,7.193,3.351,-0.074,-3.643,0
Seattle,West,2/1/2005,0:00,12.469,11.416,10.595,6.665,6.757,2.918,-0.192,-3.63,0
Seattle,West,3/1/2005,0:00,12.508,11.416,10.684,6.872,6.913,3.141,0.402,-2.013,0
Seattle,West,4/1/2005,0:00,12.541,11.357,10.523,6.721,6.772,3.02,0.051,-2.164,0
Seattle,West,5/1/2005,0:00,12.367,11.731,10.595,6.793,6.839,3.082,-0.231,-3.784,0
Seattle,West,6/1/2005,0:00,12.292,11.544,10.389,6.517,6.578,2.767,-0.651,-4.204,0
Seattle,West,7/1/2005,0:00,12.265,11.393,10.441,6.54,6.652,2.863,-0.717,-3.794,0
Seattle,West,8/1/2005,0:00,12.357,11.157,10.399,6.563,6.657,2.915,-0.336,-2.958,0
Seattle,West,9/1/2005,0:00,11.954,10.851,10.198,6.412,6.447,2.695,0.064,-1.734,0
Seattle,West,10/1/2005,0:00,12.387,11.222,10.425,6.681,6.691,2.958,0.517,-1.98,0
Seattle,West,11/1/2005,0:00,12.407,11.508,10.435,6.672,6.714,2.994,-0.261,-3.223,0
Seattle,West,12/1/2005,0:00,14.076,12.062,10.914,6.941,7.088,3.263,-0.723,-3.847,0
Seattle,West,1/1/2006,0:00,13.752,12.423,11.301,7.338,7.467,3.634,-0.139,-2.803,0
Seattle,West,2/1/2006,0:00,13.958,11.344,10.458,6.691,6.77,3.082,0.002,-2.528,0
Seattle,West,3/1/2006,0:00,13.279,11.842,11.048,7.157,7.183,3.319,0.904,-1.048,0
Seattle,West,4/1/2006,0:00,12.659,11.593,10.76,6.98,7.008,3.256,0.474,-3.095,0
Seattle,West,5/1/2006,0:00,12.298,11.419,10.346,6.567,6.624,2.902,-0.52,-2.698,0
Seattle,West,6/1/2006,0:00,12.131,11.432,10.326,6.547,6.626,2.925,-0.681,-3.217,0
Seattle,West,7/1/2006,0:00,12.344,11.393,10.389,6.593,6.675,2.961,-0.353,-3.112,0
Seattle,West,8/1/2006,0:00,12.443,11.14,10.408,6.59,6.673,2.938,-0.093,-2.771,0
Seattle,West,9/1/2006,0:00,12.256,10.887,10.336,6.511,6.532,2.728,0.005,-1.898,0
Seattle,West,10/1/2006,0:00,12.206,11.097,10.221,6.422,6.457,2.692,-0.205,-2.584,0
Seattle,West,11/1/2006,0:00,12.987,12.223,11.006,7.193,7.238,3.469,0.33,-2.295,0
Seattle,West,12/1/2006,0:00,13.269,12.128,10.917,7.01,7.115,3.312,-0.546,-3.758,0
Seattle,West,1/1/2007,0:00,13.187,11.583,10.569,6.619,6.775,2.981,-0.917,-3.115,0
Seattle,West,2/1/2007,0:00,13.095,11.619,10.743,6.911,7.006,3.269,0.061,-2.397,0
Seattle,West,3/1/2007,0:00,12.961,11.157,10.408,6.56,6.549,2.689,0.254,-1.57,0
Seattle,West,4/1/2007,0:00,12.213,11.114,10.277,6.517,6.542,2.807,0.198,-3.069,0
Seattle,West,5/1/2007,0:00,11.98,11.101,10.126,6.34,6.389,2.653,-0.697,-3.965,0
Seattle,West,6/1/2007,0:00,11.921,11.255,10.261,6.448,6.549,2.836,-0.924,-3.827,0
Seattle,West,7/1/2007,0:00,12.115,11.357,10.487,6.593,6.704,2.922,-0.75,-3.046,0
Seattle,West,8/1/2007,0:00,12.367,11.166,10.497,6.58,6.639,2.781,-0.11,-2.032,0
Seattle,West,9/1/2007,0:00,12.594,10.901,10.349,6.478,6.512,2.676,-0.005,-1.498,0
Seattle,West,10/1/2007,0:00,12.187,11.291,10.536,6.655,6.668,2.8,-0.113,-3.857,0
Seattle,West,11/1/2007,0:00,12.141,11.445,10.359,6.498,6.549,2.738,-0.612,-4.559,0
Seattle,West,12/1/2007,0:00,13.702,12,10.792,6.964,7.044,3.296,-0.218,-4.25,0
Seattle,West,1/1/2008,0:00,13.473,11.957,10.871,7.046,7.17,3.469,-0.067,-3.916,0
Seattle,West,2/1/2008,0:00,12.912,11.36,10.595,6.711,6.819,3.043,-0.054,-2.226,0
Seattle,West,3/1/2008,0:00,12.026,10.802,10.087,6.393,6.453,2.82,0.097,-1.153,0
Seattle,West,4/1/2008,0:00,12.193,10.93,10.048,6.268,6.288,2.528,-0.235,-2.8,0
Seattle,West,5/1/2008,0:00,11.698,11.222,10.149,6.288,6.319,2.489,-0.605,-4.319,0
Seattle,West,6/1/2008,0:00,12.475,11.324,10.307,6.373,6.467,2.626,-1.091,-4.296,0
Seattle,West,7/1/2008,0:00,12.374,11.389,10.566,6.596,6.718,2.869,-0.881,-3.666,0
Seattle,West,8/1/2008,0:00,12.423,11.357,10.641,6.724,6.791,2.941,-0.107,-2.708,0
Seattle,West,9/1/2008,0:00,12.049,10.894,10.294,6.468,6.49,2.685,0.31,-1.091,0
Seattle,West,10/1/2008,0:00,11.583,10.881,10.172,6.373,6.401,2.63,-0.12,-2.803,0
Seattle,West,11/1/2008,0:00,12.357,11.632,10.533,6.727,6.79,3.046,-0.395,-4.26,0
Seattle,West,12/1/2008,0:00,12.912,11.836,10.615,6.718,6.827,3.04,-0.733,-4.188,0
Seattle,West,1/1/2009,0:00,12.794,11.494,10.418,6.517,6.599,2.781,-0.586,-4.536,0
Seattle,West,2/1/2009,0:00,12.446,11.419,10.579,6.691,6.777,2.974,0.044,-3.155,0
Seattle,West,3/1/2009,0:00,12,11.127,10.458,6.658,6.695,2.931,0.218,-2.246,0
Seattle,West,4/1/2009,0:00,11.609,10.805,10.018,6.209,6.234,2.449,-0.494,-3.217,0
Seattle,West,5/1/2009,0:00,12.305,11.353,10.228,6.383,6.421,2.613,-0.73,-4.172,0
Seattle,West,6/1/2009,0:00,12.141,11.642,10.497,6.58,6.622,2.748,-0.651,-4.286,0
Seattle,West,7/1/2009,0:00,12.154,11.222,10.363,6.426,6.524,2.685,-0.746,-3.889,0
Seattle,West,8/1/2009,0:00,12.229,11.048,10.366,6.508,6.593,2.82,-0.231,-2.895,0
Seattle,West,9/1/2009,0:00,12.177,10.904,10.31,6.508,6.526,2.741,0.238,-1.13,0
Seattle,West,10/1/2009,0:00,12.505,11.183,10.412,6.619,6.619,2.826,0.405,-1.829,0
Seattle,West,11/1/2009,0:00,13.355,11.859,10.743,6.96,6.995,3.246,0.025,-2.662,0
Seattle,West,12/1/2009,0:00,13.122,11.908,10.828,6.852,6.964,3.099,-0.684,-3.814,0
Seattle,West,1/1/2010,0:00,13.889,12.705,11.685,7.633,7.743,3.801,0.221,-2.915,0
Seattle,West,2/1/2010,0:00,13.45,11.878,11.052,7.203,7.261,3.469,0.648,-1.412,0
Seattle,West,3/1/2010,0:00,13.427,11.485,10.802,6.875,6.883,2.964,0.694,-0.376,0
Seattle,West,4/1/2010,0:00,12.63,11.531,10.733,6.895,6.901,3.069,0.389,-2.511,0
Seattle,West,5/1/2010,0:00,12.269,11.265,10.313,6.481,6.527,2.741,-0.573,-2.748,0
Seattle,West,6/1/2010,0:00,12.059,11.301,10.277,6.452,6.512,2.748,-0.691,-3.67,0
Seattle,West,7/1/2010,0:00,12.279,11.147,10.258,6.389,6.437,2.616,-0.441,-3.26,0
Seattle,West,8/1/2010,0:00,12.511,11.035,10.349,6.498,6.534,2.718,0.061,-2.79,0
Seattle,West,9/1/2010,0:00,12.118,10.809,10.359,6.514,6.542,2.725,0.231,-1.619,0
Seattle,West,10/1/2010,0:00,12.354,11.153,10.382,6.567,6.539,2.695,0.146,-1.859,0
Seattle,West,11/1/2010,0:00,12.6,11.714,10.625,6.754,6.77,2.915,-0.09,-2.738,0
Seattle,West,12/1/2010,0:00,13.889,12.446,11.314,7.4,7.472,3.63,0.08,-3.105,0
Seattle,West,1/1/2011,0:00,12.584,11.658,10.707,6.78,6.88,3.053,-0.494,-3.351,0
Seattle,West,2/1/2011,0:00,12.99,11.34,10.582,6.737,6.773,2.964,0.195,-2.013,0
Seattle,West,3/1/2011,0:00,13.312,11.76,11.052,7.285,7.295,3.538,1.239,-1.029,0
Seattle,West,4/1/2011,0:00,12.485,11.225,10.454,6.718,6.708,2.961,0.546,-2.58,0
Seattle,West,5/1/2011,0:00,12.338,11.317,10.389,6.59,6.616,2.843,-0.251,-3.132,0
Seattle,West,6/1/2011,0:00,12.115,11.442,10.464,6.596,6.649,2.833,-0.569,-3.335,0
Seattle,West,7/1/2011,0:00,12.187,11.321,10.523,6.593,6.639,2.754,-0.52,-2.525,0
Seattle,West,8/1/2011,0:00,12.459,11.091,10.494,6.527,6.535,2.577,0.077,-1.524,0
Seattle,West,9/1/2011,0:00,12.728,10.966,10.454,6.553,6.545,2.636,0.389,-1.245,0
Seattle,West,10/1/2011,0:00,12.364,11.153,10.527,6.586,6.585,2.643,0.021,-3.174,0
Seattle,West,11/1/2011,0:00,13.62,11.649,10.697,6.813,6.816,2.935,-0.09,-3.42,0
Seattle,West,12/1/2011,0:00,12.958,11.268,10.176,6.304,6.311,2.446,-0.694,-4.053,0
Seattle,West,1/1/2012,0:00,13.361,11.655,10.684,6.885,6.942,3.2,0.169,-2.495,0
Seattle,West,2/1/2012,0:00,12.633,11.16,10.54,6.639,6.691,2.843,0.192,-1.324,0
Seattle,West,3/1/2012,0:00,12.859,11.278,10.763,7.069,7.072,3.381,1.081,-0.845,0
Seattle,West,4/1/2012,0:00,12.439,11.488,10.704,6.934,6.914,3.125,0.71,-2.016,0
Seattle,West,5/1/2012,0:00,11.901,11.278,10.323,6.471,6.457,2.59,-0.139,-3.689,0
Seattle,West,6/1/2012,0:00,12.387,11.478,10.543,6.603,6.631,2.718,-0.477,-3.686,0
Seattle,West,7/1/2012,0:00,12.174,11.34,10.582,6.58,6.629,2.676,-0.507,-3.092,0
Seattle,West,8/1/2012,0:00,12.131,11.147,10.563,6.593,6.603,2.643,0.08,-2.554,0
Seattle,West,9/1/2012,0:00,11.947,10.842,10.346,6.462,6.434,2.521,0.655,-0.855,0
Seattle,West,10/1/2012,0:00,12.525,11.176,10.55,6.698,6.68,2.81,0.51,-2.374,0
Seattle,West,11/1/2012,0:00,13.647,11.983,10.943,7.095,7.111,3.279,0.267,-3.578,0
Seattle,West,12/1/2012,0:00,14.48,12.587,11.376,7.475,7.511,3.643,0.379,-3.328,0
Seattle,West,1/1/2013,0:00,12.393,11.514,10.507,6.596,6.609,2.712,-0.215,-3.604,0
Seattle,West,2/1/2013,0:00,11.626,10.901,10.185,6.34,6.353,2.518,0.094,-2.452,0
Seattle,West,3/1/2013,0:00,11.613,10.874,10.33,6.452,6.426,2.518,0.458,-1.468,0
Seattle,West,4/1/2013,0:00,12.098,10.956,10.271,6.399,6.371,2.472,-0.002,-2.784,0
Seattle,West,5/1/2013,0:00,12.429,11.298,10.284,6.399,6.38,2.475,-0.297,-3.322,0
Seattle,West,6/1/2013,0:00,12.62,11.508,10.458,6.537,6.534,2.61,-0.372,-3.286,0
Seattle,West,7/1/2013,0:00,12.321,11.324,10.438,6.508,6.524,2.61,-0.261,-3.109,0
Seattle,West,8/1/2013,0:00,12.292,11.038,10.454,6.616,6.639,2.823,0.264,-2,0
Seattle,West,9/1/2013,0:00,12.262,11.107,10.625,6.813,6.79,2.951,0.94,-0.044,0
Seattle,West,10/1/2013,0:00,11.468,10.937,10.264,6.488,6.439,2.616,0.678,-1.216,0
Seattle,West,11/1/2013,0:00,12.338,11.435,10.438,6.547,6.527,2.613,-0.097,-2.718,0
Seattle,West,12/1/2013,0:00,11.928,11.337,10.277,6.304,6.337,2.393,-0.894,-3.83,0
Seattle,West,1/1/2014,0:00,12.548,11.504,10.618,6.576,6.606,2.597,-0.54,-3.863,0
Seattle,West,2/1/2014,0:00,12.482,11.396,10.671,6.813,6.819,2.968,0.576,-2.308,0
Seattle,West,3/1/2014,0:00,12.718,11.353,10.789,6.905,6.865,2.945,1.163,-0.303,0
Seattle,West,4/1/2014,0:00,12.613,11.334,10.618,6.813,6.777,2.931,0.727,-1.517,0
Seattle,West,5/1/2014,0:00,12.295,11.521,10.592,6.77,6.757,2.925,0.143,-2.16,0
Seattle,West,6/1/2014,0:00,12.4,11.426,10.412,6.553,6.55,2.689,-0.277,-3.145,0
Seattle,West,7/1/2014,0:00,12.698,11.501,10.589,6.714,6.704,2.82,0.08,-2.781,0
Seattle,West,8/1/2014,0:00,12.403,11.153,10.546,6.672,6.655,2.764,0.599,-2.528,0
Seattle,West,9/1/2014,0:00,12.144,11.104,10.717,6.845,6.819,2.918,0.963,-1.081,0
Seattle,West,10/1/2014,0:00,12.436,11.711,11.035,7.187,7.131,3.23,1.153,-0.858,0
Seattle,West,11/1/2014,0:00,13.627,11.868,10.838,6.98,6.954,3.069,0.543,-2.013,0
Seattle,West,12/1/2014,0:00,14.021,12.574,11.439,7.531,7.534,3.63,0.658,-2.416,0
Seattle,West,1/1/2015,0:00,12.708,11.695,10.835,6.931,6.962,3.089,0.048,-2.597,0
Seattle,West,2/1/2015,0:00,13.207,11.632,10.95,7.062,7.055,3.161,0.678,-1.478,0
Seattle,West,3/1/2015,0:00,12.813,11.189,10.618,6.803,6.767,2.915,0.986,-0.143,0
Seattle,West,4/1/2015,0:00,12.023,11.16,10.451,6.622,6.57,2.692,0.822,-1.714,0
Seattle,West,5/1/2015,0:00,12.164,11.426,10.523,6.645,6.617,2.712,0.179,-2.279,0
Seattle,West,6/1/2015,0:00,12.367,11.57,10.586,6.655,6.652,2.718,-0.251,-2.472,0
Seattle,West,7/1/2015,0:00,12.836,11.636,10.842,6.859,6.864,2.886,-0.097,-2.416,0
Seattle,West,8/1/2015,0:00,12.823,11.386,10.802,6.8,6.78,2.754,0.379,-1.868,0
Seattle,West,9/1/2015,0:00,12.781,11.294,10.822,6.895,6.845,2.872,1.094,0.041,0
Seattle,West,10/1/2015,0:00,12.918,11.639,10.996,7.029,7,3.004,0.887,-1.668,0
Seattle,West,11/1/2015,0:00,12.676,11.836,10.868,6.964,6.947,3.023,0.382,-2.787,0
Seattle,West,12/1/2015,0:00,13.926,12.784,11.603,7.715,7.707,3.811,0.842,-2.774,0
Seattle,West,1/1/2016,0:00,13.821,12.426,11.376,7.541,7.548,3.716,0.979,-1.76,0
Seattle,West,2/1/2016,0:00,12.823,11.57,10.963,7.134,7.142,3.322,1.042,-1.731,0
Seattle,West,3/1/2016,0:00,14.263,11.767,11.212,7.482,7.482,3.752,1.655,0.359,0
Seattle,West,4/1/2016,0:00,12.459,11.248,10.497,6.675,6.632,2.764,0.707,-1.363,0
Seattle,West,5/1/2016,0:00,12.462,11.386,10.402,6.524,6.465,2.528,0.162,-2.984,0
Seattle,West,6/1/2016,0:00,12.433,11.521,10.523,6.56,6.547,2.567,-0.248,-2.889,0
Seattle,West,7/1/2016,0:00,12.059,11.327,10.517,6.517,6.532,2.548,-0.392,-3.013,0
Seattle,West,8/1/2016,0:00,12.223,11.12,10.582,6.613,6.599,2.62,0.11,-2.108,0
Seattle,West,9/1/2016,0:00,12.239,10.963,10.464,6.59,6.55,2.636,0.822,-0.3,0
Seattle,West,10/1/2016,0:00,13.775,11.75,11.065,7.252,7.203,3.345,1.56,-1.412,0
Seattle,West,11/1/2016,0:00,13.42,12.41,11.376,7.561,7.541,3.709,1.147,-2.282,0
Seattle,West,12/1/2016,0:00,13.374,12.006,10.822,6.918,6.924,3.027,-0.074,-3.391,0
Seattle,West,1/1/2017,0:00,13.499,12.174,11.17,7.233,7.238,3.305,0.34,-2.807,0
Seattle,West,2/1/2017,0:00,13.168,12.042,11.304,7.452,7.456,3.611,1.179,-1.081,0
Seattle,West,3/1/2017,0:00,12.689,11.655,11.048,7.206,7.167,3.289,1.498,-0.517,0
Seattle,West,4/1/2017,0:00,12.915,11.681,10.973,7.167,7.131,3.292,1.107,-2.295,0
Seattle,West,5/1/2017,0:00,12.534,11.622,10.609,6.77,6.737,2.863,0.212,-3.161,0
Seattle,West,6/1/2017,0:00,12.59,11.806,10.714,6.826,6.803,2.895,0.074,-3.502,0
Seattle,West,7/1/2017,0:00,12.305,11.557,10.576,6.688,6.668,2.761,0.018,-3.004,0
Seattle,West,8/1/2017,0:00,12.154,11.245,10.674,6.819,6.832,2.987,0.428,-2.049,0
Seattle,West,9/1/2017,0:00,12.147,11.088,10.615,6.793,6.767,2.922,0.828,-0.395,0
Seattle,West,10/1/2017,0:00,12.272,11.163,10.386,6.596,6.557,2.731,0.763,-1.275,0
Seattle,West,11/1/2017,0:00,13.191,12.242,11.12,7.265,7.229,3.342,0.933,-2.636,0
Seattle,West,12/1/2017,0:00,12.594,11.734,10.612,6.695,6.704,2.794,-0.323,-3.801,0
Seattle,West,1/1/2018,0:00,13.118,12.308,11.298,7.285,7.341,3.381,0.048,-3.86,0
Seattle,West,2/1/2018,0:00,12.639,11.209,10.536,6.691,6.704,2.869,0.205,-2.728,0
Seattle,West,3/1/2018,0:00,12.603,11.55,10.904,6.987,6.964,3.02,1.012,-1.015,0
Seattle,West,4/1/2018,0:00,12.18,11.327,10.622,6.809,6.77,2.922,0.92,-1.55,0
Seattle,West,5/1/2018,0:00,12.164,11.501,10.569,6.724,6.704,2.836,0.133,-2.377,0
Seattle,West,6/1/2018,0:00,12.37,11.514,10.52,6.668,6.672,2.823,-0.267,-3.273,0
Seattle,West,7/1/2018,0:00,12.567,11.511,10.582,6.675,6.685,2.784,-0.297,-3.673,0
Seattle,West,8/1/2018,0:00,12.511,11.337,10.671,6.786,6.777,2.882,0.431,-2.784,0
Seattle,West,9/1/2018,0:00,12.233,11.032,10.523,6.649,6.632,2.744,0.615,-1.718,0
Seattle,West,10/1/2018,0:00,12.101,11.278,10.635,6.773,6.721,2.807,0.609,-1.061,0
Seattle,West,11/1/2018,0:00,13.496,11.803,10.717,6.839,6.819,2.922,0.241,-2.406,0
Seattle,West,12/1/2018,0:00,13.565,12.351,11.143,7.269,7.269,3.394,0.382,-2.731,0
Seattle,West,1/1/2019,0:00,13.538,12.187,11.189,7.298,7.341,3.492,0.258,-3.299,0
Seattle,West,2/1/2019,0:00,12.518,11.767,11.071,7.193,7.213,3.355,0.553,-2.554,0
Seattle,West,3/1/2019,0:00,12.426,11.232,10.51,6.75,6.742,2.974,0.645,-1.216,0
Seattle,West,4/1/2019,0:00,12.193,11.396,10.553,6.813,6.79,3.027,0.901,-1.508,0
Seattle,West,5/1/2019,0:00,12.577,11.599,10.533,6.754,6.739,2.945,0.402,-1.921,0
Seattle,West,6/1/2019,0:00,12.219,11.399,10.349,6.498,6.521,2.692,-0.49,-2.784,0
Seattle,West,7/1/2019,0:00,12.308,11.465,10.569,6.662,6.709,2.849,-0.543,-3.073,0
Seattle,West,8/1/2019,0:00,12.515,11.275,10.645,6.681,6.703,2.761,-0.176,-2.954,0
Seattle,West,9/1/2019,0:00,12.338,11.291,10.74,6.842,6.826,2.908,0.805,-0.773,0
Seattle,West,10/1/2019,0:00,12.265,11.193,10.481,6.573,6.545,2.61,0.313,-2.384,0
Seattle,West,11/1/2019,0:00,12.37,11.531,10.563,6.688,6.685,2.807,-0.077,-2.541,0
Seattle,West,12/1/2019,0:00,13.381,12.256,11.071,7.21,7.239,3.407,0.08,-2.315,0
Seattle,West,1/1/2020,0:00,13.679,12.295,11.179,7.377,7.407,3.634,0.448,-2.794,0
Seattle,West,2/1/2020,0:00,12.62,11.317,10.55,6.75,6.77,2.99,0.205,-2.895,0
Seattle,West,3/1/2020,0:00,12.502,11.094,10.487,6.744,6.747,3.007,0.576,-1.35,0
Seattle,West,4/1/2020,0:00,12.115,11.17,10.333,6.563,6.553,2.771,0.228,-1.845,0
Seattle,West,5/1/2020,0:00,12.374,11.665,10.605,6.826,6.834,3.063,0.149,-2.593,0
Seattle,West,6/1/2020,0:00,12.242,11.622,10.546,6.675,6.688,2.83,-0.235,-2.863,0
Seattle,West,7/1/2020,0:00,12.288,11.432,10.602,6.675,6.736,2.869,-0.448,-2.863,0
Seattle,West,8/1/2020,0:00,12.413,11.209,10.559,6.675,6.718,2.876,-0.159,-2.082,0
Seattle,West,9/1/2020,0:00,12.452,11.222,10.589,6.786,6.773,2.961,0.635,-0.907,0
Seattle,West,10/1/2020,0:00,12.702,11.163,10.412,6.636,6.609,2.81,0.681,-2.302,0
Seattle,West,11/1/2020,0:00,13.771,11.793,10.684,6.914,6.914,3.148,0.238,-2.525,0
Seattle,West,12/1/2020,0:00,13.24,11.878,10.763,6.891,6.973,3.181,-0.408,-3.617,0
Seattle,West,1/1/2021,0:00,14.172,12.275,11.166,7.279,7.357,3.545,-0.025,-2.489,0
Seattle,West,2/1/2021,0:00,13.266,11.544,10.684,6.888,6.937,3.191,0.244,-2.279,0
Seattle,West,3/1/2021,0:00,12.242,11.298,10.579,6.718,6.716,2.853,0.582,-1.301,0
Seattle,West,4/1/2021,0:00,12.439,11.196,10.349,6.494,6.485,2.62,0.002,-2.859,0
Seattle,West,5/1/2021,0:00,12.452,11.462,10.369,6.511,6.527,2.685,-0.484,-3.634,0
Seattle,West,6/1/2021,0:00,12.774,11.826,10.622,6.773,6.816,3.01,-0.336,-3.624,0
Seattle,West,7/1/2021,0:00,12.377,11.619,10.553,6.737,6.773,2.994,-0.169,-3.414,0
Seattle,West,8/1/2021,0:00,12.2,11.212,10.553,6.763,6.816,3.079,0.09,-2.233,0
Seattle,West,9/1/2021,0:00,12.151,11.025,10.461,6.721,6.755,3.05,0.428,-1.002,0
Seattle,West,10/1/2021,0:00,12.869,11.557,10.72,6.97,6.957,3.194,0.743,-1.793,0
Seattle,West,11/1/2021,0:00,13.581,12.095,10.894,7.101,7.105,3.319,0.49,-2.603,0
Seattle,West,12/1/2021,0:00,13.496,12.528,11.271,7.403,7.469,3.67,0.087,-4.122,0
Seattle,West,1/1/2022,0:00,14.523,12.118,11.084,7.134,7.249,3.414,-0.382,-3.387,0
Seattle,West,2/1/2022,0:00,12.361,11.124,10.284,6.468,6.524,2.764,-0.382,-3.361,0
Seattle,West,3/1/2022,0:00,12.515,11.383,10.592,6.75,6.773,2.954,0.422,-1.36,0
Seattle,West,4/1/2022,0:00,12.242,11.344,10.504,6.675,6.663,2.823,0.477,-1.823,0
Seattle,West,5/1/2022,0:00,12.262,11.475,10.481,6.727,6.763,3.046,-0.067,-3.132,0
Seattle,West,6/1/2022,0:00,12.646,11.721,10.651,6.878,6.944,3.237,-0.294,-3.634,0
Seattle,West,7/1/2022,0:00,12.367,11.54,10.632,6.819,6.895,3.161,-0.395,-3.817,0
Seattle,West,8/1/2022,0:00,12.282,11.389,10.681,6.852,6.895,3.105,0.241,-2.931,0
Seattle,West,9/1/2022,0:00,12.216,11.248,10.655,6.849,6.875,3.095,0.533,-2.131,0
Seattle,West,10/1/2022,0:00,12.167,11.235,10.517,6.704,6.691,2.866,0.133,-2.42,0
Seattle,West,11/1/2022,0:00,13.197,11.78,10.605,6.77,6.8,2.994,-0.212,-3.784,0
Seattle,West,12/1/2022,0:00,15.123,12.469,11.104,7.259,7.315,3.525,0.077,-3.965,0
Seattle,West,1/1/2023,0:00,13.607,12.315,11.268,7.443,7.549,3.83,0.13,-3.935,0
Seattle,West,2/1/2023,0:00,12.892,11.511,10.681,6.809,6.898,3.115,-0.08,-3.027,0
Seattle,West,3/1/2023,0:00,12.456,11.465,10.648,6.957,7,3.348,0.576,-0.907,0
Seattle,West,4/1/2023,0:00,12.466,11.56,10.697,6.937,6.946,3.194,0.658,-1.426,0
Seattle,West,5/1/2023,0:00,12.39,11.75,10.625,6.891,6.918,3.21,0.267,-2.2,0
Seattle,West,6/1/2023,0:00,12.511,11.645,10.559,6.727,6.803,3.046,-0.55,-3.607,0
Seattle,West,7/1/2023,0:00,12.771,11.586,10.668,6.763,6.882,3.095,-0.723,-3.811,0
Seattle,West,8/1/2023,0:00,12.594,11.547,10.832,6.882,6.959,3.086,-0.254,-3.397,0